386,45.052184,-125.082833,0
454,45.062176,-125.090848,0
34,44.988727,-125.000981,0
440,44.992381,-125.024979,0
4,45.006720,-125.011116,0
474,45.038989,-125.091409,0
324,45.002962,-124.931234,0
340,44.990109,-125.064076,0
412,45.086868,-125.107673,0
320,45.075736,-125.102152,0
408,45.044953,-124.929541,0
428,45.010203,-124.923126,0
464,45.007729,-125.023669,0
346,45.082748,-124.940350,0
352,45.050292,-125.110526,0
466,45.031723,-125.045624,0
458,45.054886,-124.933960,0
368,45.044451,-124.929300,0
396,45.018359,-124.948868,0
302,44.999821,-124.941724,0
480,45.015454,-125.087386,0
390,45.071213,-124.969461,0
316,45.011561,-124.930511,0
418,45.082295,-125.037045,0
318,45.022938,-125.031828,0
402,44.993926,-124.946297,0
38,44.993010,-125.006343,0
342,45.078680,-125.102994,0
400,45.072072,-124.975240,0
462,45.031269,-125.056949,0
334,45.081365,-124.986955,0
452,45.062132,-124.970323,0
330,45.076253,-125.013107,0
450,45.037207,-124.958261,0
482,45.079410,-124.941393,0
332,45.086137,-124.931125,0
424,45.035611,-124.900035,0
366,45.022443,-124.930504,0
460,45.080346,-124.908484,0
370,45.002638,-125.027209,0
350,45.007085,-124.924607,0
62,45.068827,-125.038560,0
442,45.088336,-125.102480,0
444,45.030610,-124.995574,0
304,45.024842,-125.003486,0
434,45.089006,-125.061474,0
378,45.053729,-125.044666,0
496,44.996383,-125.055343,0
498,45.019079,-125.119336,0
306,45.071194,-125.082181,0
308,45.027775,-125.062770,0
328,45.051305,-125.068005,0
360,45.003505,-124.972819,0
26,45.002376,-125.012205,0
312,45.061963,-124.902991,0
388,45.007450,-124.982573,0
296,45.018615,-125.088478,0
398,45.035173,-125.107127,0
338,45.075437,-124.963530,0
476,45.000092,-124.961070,0
456,45.073770,-124.904930,0
376,45.024297,-125.039140,0
426,45.019762,-124.932008,0
262,45.017404,-125.089284,0
354,44.990466,-125.095488,0
215,45.078573,-125.059348,1
195,45.079070,-125.053753,1
229,45.077235,-125.053545,1
190,45.083631,-125.063038,1
75,45.070820,-125.051061,1
185,45.082046,-125.059996,1
104,45.069825,-125.049967,1
185,45.082046,-125.059996,1
182,45.076019,-125.055601,1
381,45.081195,-125.064164,1
91,45.072829,-125.059130,1
238,45.078360,-125.066031,1
105,45.071494,-125.051406,1
84,45.070712,-125.051300,1
240,45.077762,-125.061294,1
187,45.083202,-125.059083,1
182,45.076019,-125.055601,1
87,45.065334,-125.049752,1
186,45.081251,-125.059212,1
74,45.071927,-125.055209,1
116,45.066888,-125.047444,1
213,45.075330,-125.063308,1
72,45.070358,-125.055565,1
81,45.074208,-125.051479,1
72,45.070358,-125.055565,1
211,45.081334,-125.060034,1
211,45.081334,-125.060034,1
87,45.065334,-125.049752,1
199,45.078679,-125.057092,1
193,45.083236,-125.054336,1
197,45.080237,-125.064582,1
68,45.069893,-125.051574,1
102,45.075367,-125.053169,1
79,45.070456,-125.051493,1
117,45.068482,-125.052406,1
70,45.069011,-125.048805,1
106,45.066540,-125.052686,1
92,45.077965,-125.053206,1
218,45.074864,-125.059253,1
199,45.078679,-125.057092,1
65,45.073759,-125.046986,1
230,45.076406,-125.056803,1
226,45.081378,-125.066343,1
237,45.083169,-125.063047,1
197,45.080237,-125.064582,1
184,45.080318,-125.064872,1
222,45.078652,-125.059650,1
222,45.078652,-125.059650,1
226,45.081378,-125.066343,1
228,45.081383,-125.058213,1
68,45.069893,-125.051574,1
238,45.078360,-125.066031,1
238,45.078360,-125.066031,1
182,45.076019,-125.055601,1
79,45.070456,-125.051493,1
202,45.079507,-125.057615,1
406,45.077129,-125.055995,1
207,45.080832,-125.055638,1
74,45.071927,-125.055209,1
205,45.076193,-125.057571,1
86,45.066412,-125.045942,1
74,45.071927,-125.055209,1
110,45.067874,-125.048293,1
92,45.077965,-125.053206,1
199,45.078679,-125.057092,1
232,45.080696,-125.060873,1
105,45.071494,-125.051406,1
190,45.083631,-125.063038,1
218,45.074864,-125.059253,1
236,45.078712,-125.061263,1
223,45.078835,-125.063524,1
64,45.064487,-125.049998,1
65,45.073759,-125.046986,1
93,45.072194,-125.050039,1
227,45.080654,-125.064849,1
188,45.075901,-125.060247,1
181,45.086504,-125.061589,1
198,45.081142,-125.060247,1
87,45.065334,-125.049752,1
88,45.077142,-125.055495,1
240,45.077762,-125.061294,1
186,45.081251,-125.059212,1
228,45.081383,-125.058213,1
117,45.068482,-125.052406,1
193,45.083236,-125.054336,1
70,45.069011,-125.048805,1
236,45.078712,-125.061263,1
77,45.066630,-125.049157,1
194,45.083731,-125.066491,1
69,45.066073,-125.052259,1
240,45.077762,-125.061294,1
82,45.067318,-125.055932,1
68,45.069893,-125.051574,1
240,45.077762,-125.061294,1
75,45.070820,-125.051061,1
67,45.071549,-125.048191,1
186,45.081251,-125.059212,1
68,45.069893,-125.051574,1
381,45.081195,-125.064164,1
78,45.070499,-125.052921,1
83,45.071318,-125.055152,1
81,45.074208,-125.051479,1
120,45.075003,-125.059445,1
85,45.070057,-125.051602,1
85,45.070057,-125.051602,1
195,45.079070,-125.053753,1
190,45.083631,-125.063038,1
208,45.081234,-125.057578,1
119,45.069630,-125.051628,1
191,45.082273,-125.061695,1
79,45.070456,-125.051493,1
215,45.078573,-125.059348,1
117,45.068482,-125.052406,1
79,45.070456,-125.051493,1
236,45.078712,-125.061263,1
94,45.066954,-125.046163,1
196,45.083564,-125.060280,1
223,45.078835,-125.063524,1
238,45.078360,-125.066031,1
236,45.078712,-125.061263,1
196,45.083564,-125.060280,1
205,45.076193,-125.057571,1
228,45.081383,-125.058213,1
94,45.066954,-125.046163,1
210,45.078620,-125.054463,1
198,45.081142,-125.060247,1
81,45.074208,-125.051479,1
193,45.083236,-125.054336,1
228,45.081383,-125.058213,1
94,45.066954,-125.046163,1
406,45.077129,-125.055995,1
201,45.081291,-125.066204,1
222,45.078652,-125.059650,1
202,45.079507,-125.057615,1
88,45.077142,-125.055495,1
64,45.064487,-125.049998,1
200,45.078436,-125.062329,1
232,45.080696,-125.060873,1
98,45.070008,-125.054671,1
120,45.075003,-125.059445,1
222,45.078652,-125.059650,1
72,45.070358,-125.055565,1
209,45.072382,-125.053438,1
236,45.078712,-125.061263,1
223,45.078835,-125.063524,1
209,45.072382,-125.053438,1
69,45.066073,-125.052259,1
85,45.070057,-125.051602,1
118,45.064929,-125.046925,1
96,45.068851,-125.054475,1
81,45.074208,-125.051479,1
214,45.080914,-125.062355,1
72,45.070358,-125.055565,1
381,45.081195,-125.064164,1
220,45.081624,-125.062402,1
231,45.076341,-125.058161,1
230,45.076406,-125.056803,1
106,45.066540,-125.052686,1
218,45.074864,-125.059253,1
86,45.066412,-125.045942,1
231,45.076341,-125.058161,1
214,45.080914,-125.062355,1
192,45.078585,-125.062508,1
99,45.077864,-125.052226,1
188,45.075901,-125.060247,1
186,45.081251,-125.059212,1
208,45.081234,-125.057578,1
235,45.081185,-125.056653,1
120,45.075003,-125.059445,1
200,45.078436,-125.062329,1
71,45.065821,-125.049854,1
112,45.075896,-125.051684,1
74,45.071927,-125.055209,1
196,45.083564,-125.060280,1
182,45.076019,-125.055601,1
119,45.069630,-125.051628,1
96,45.068851,-125.054475,1
237,45.083169,-125.063047,1
211,45.081334,-125.060034,1
223,45.078835,-125.063524,1
237,45.083169,-125.063047,1
220,45.081624,-125.062402,1
209,45.072382,-125.053438,1
231,45.076341,-125.058161,1
104,45.069825,-125.049967,1
66,45.070479,-125.047147,1
87,45.065334,-125.049752,1
65,45.073759,-125.046986,1
208,45.081234,-125.057578,1
200,45.078436,-125.062329,1
77,45.066630,-125.049157,1
232,45.080696,-125.060873,1
214,45.080914,-125.062355,1
119,45.069630,-125.051628,1
110,45.067874,-125.048293,1
230,45.076406,-125.056803,1
228,45.081383,-125.058213,1
406,45.077129,-125.055995,1
102,45.075367,-125.053169,1
201,45.081291,-125.066204,1
232,45.080696,-125.060873,1
214,45.080914,-125.062355,1
235,45.081185,-125.056653,1
238,45.078360,-125.066031,1
96,45.068851,-125.054475,1
87,45.065334,-125.049752,1
201,45.081291,-125.066204,1
189,45.080107,-125.051239,1
119,45.069630,-125.051628,1
70,45.069011,-125.048805,1
93,45.072194,-125.050039,1
232,45.080696,-125.060873,1
226,45.081378,-125.066343,1
381,45.081195,-125.064164,1
198,45.081142,-125.060247,1
117,45.068482,-125.052406,1
229,45.077235,-125.053545,1
194,45.083731,-125.066491,1
120,45.075003,-125.059445,1
117,45.068482,-125.052406,1
207,45.080832,-125.055638,1
70,45.069011,-125.048805,1
83,45.071318,-125.055152,1
228,45.081383,-125.058213,1
100,45.067180,-125.048907,1
85,45.070057,-125.051602,1
210,45.078620,-125.054463,1
213,45.075330,-125.063308,1
104,45.069825,-125.049967,1
77,45.066630,-125.049157,1
85,45.070057,-125.051602,1
68,45.069893,-125.051574,1
182,45.076019,-125.055601,1
215,45.078573,-125.059348,1
119,45.069630,-125.051628,1
232,45.080696,-125.060873,1
99,45.077864,-125.052226,1
84,45.070712,-125.051300,1
199,45.078679,-125.057092,1
68,45.069893,-125.051574,1
98,45.070008,-125.054671,1
70,45.069011,-125.048805,1
83,45.071318,-125.055152,1
235,45.081185,-125.056653,1
230,45.076406,-125.056803,1
73,45.079929,-125.054369,1
218,45.074864,-125.059253,1
83,45.071318,-125.055152,1
88,45.077142,-125.055495,1
197,45.080237,-125.064582,1
105,45.071494,-125.051406,1
182,45.076019,-125.055601,1
93,45.072194,-125.050039,1
102,45.075367,-125.053169,1
187,45.083202,-125.059083,1
199,45.078679,-125.057092,1
236,45.078712,-125.061263,1
216,45.079064,-125.053945,1
96,45.068851,-125.054475,1
226,45.081378,-125.066343,1
68,45.069893,-125.051574,1
71,45.065821,-125.049854,1
184,45.080318,-125.064872,1
223,45.078835,-125.063524,1
77,45.066630,-125.049157,1
191,45.082273,-125.061695,1
202,45.079507,-125.057615,1
79,45.070456,-125.051493,1
199,45.078679,-125.057092,1
94,45.066954,-125.046163,1
68,45.069893,-125.051574,1
235,45.081185,-125.056653,1
209,45.072382,-125.053438,1
197,45.080237,-125.064582,1
191,45.082273,-125.061695,1
214,45.080914,-125.062355,1
79,45.070456,-125.051493,1
207,45.080832,-125.055638,1
96,45.068851,-125.054475,1
198,45.081142,-125.060247,1
232,45.080696,-125.060873,1
84,45.070712,-125.051300,1
184,45.080318,-125.064872,1
120,45.075003,-125.059445,1
236,45.078712,-125.061263,1
192,45.078585,-125.062508,1
65,45.073759,-125.046986,1
240,45.077762,-125.061294,1
240,45.077762,-125.061294,1
93,45.072194,-125.050039,1
98,45.070008,-125.054671,1
197,45.080237,-125.064582,1
85,45.070057,-125.051602,1
190,45.083631,-125.063038,1
197,45.080237,-125.064582,1
64,45.064487,-125.049998,1
184,45.080318,-125.064872,1
187,45.083202,-125.059083,1
188,45.075901,-125.060247,1
381,45.081195,-125.064164,1
88,45.077142,-125.055495,1
75,45.070820,-125.051061,1
84,45.070712,-125.051300,1
102,45.075367,-125.053169,1
224,45.086613,-125.056469,1
220,45.081624,-125.062402,1
240,45.077762,-125.061294,1
100,45.067180,-125.048907,1
222,45.078652,-125.059650,1
117,45.068482,-125.052406,1
188,45.075901,-125.060247,1
221,45.077118,-125.059316,1
182,45.076019,-125.055601,1
191,45.082273,-125.061695,1
211,45.081334,-125.060034,1
70,45.069011,-125.048805,1
79,45.070456,-125.051493,1
235,45.081185,-125.056653,1
75,45.070820,-125.051061,1
228,45.081383,-125.058213,1
236,45.078712,-125.061263,1
120,45.075003,-125.059445,1
105,45.071494,-125.051406,1
86,45.066412,-125.045942,1
105,45.071494,-125.051406,1
189,45.080107,-125.051239,1
228,45.081383,-125.058213,1
215,45.078573,-125.059348,1
207,45.080832,-125.055638,1
117,45.068482,-125.052406,1
91,45.072829,-125.059130,1
88,45.077142,-125.055495,1
215,45.078573,-125.059348,1
85,45.070057,-125.051602,1
104,45.069825,-125.049967,1
195,45.079070,-125.053753,1
67,45.071549,-125.048191,1
195,45.079070,-125.053753,1
100,45.067180,-125.048907,1
65,45.073759,-125.046986,1
186,45.081251,-125.059212,1
208,45.081234,-125.057578,1
189,45.080107,-125.051239,1
105,45.071494,-125.051406,1
223,45.078835,-125.063524,1
72,45.070358,-125.055565,1
92,45.077965,-125.053206,1
70,45.069011,-125.048805,1
232,45.080696,-125.060873,1
99,45.077864,-125.052226,1
110,45.067874,-125.048293,1
223,45.078835,-125.063524,1
102,45.075367,-125.053169,1
222,45.078652,-125.059650,1
195,45.079070,-125.053753,1
185,45.082046,-125.059996,1
196,45.083564,-125.060280,1
237,45.083169,-125.063047,1
67,45.071549,-125.048191,1
67,45.071549,-125.048191,1
88,45.077142,-125.055495,1
84,45.070712,-125.051300,1
231,45.076341,-125.058161,1
199,45.078679,-125.057092,1
228,45.081383,-125.058213,1
82,45.067318,-125.055932,1
205,45.076193,-125.057571,1
199,45.078679,-125.057092,1
186,45.081251,-125.059212,1
214,45.080914,-125.062355,1
117,45.068482,-125.052406,1
75,45.070820,-125.051061,1
79,45.070456,-125.051493,1
209,45.072382,-125.053438,1
117,45.068482,-125.052406,1
75,45.070820,-125.051061,1
238,45.078360,-125.066031,1
192,45.078585,-125.062508,1
213,45.075330,-125.063308,1
100,45.067180,-125.048907,1
86,45.066412,-125.045942,1
66,45.070479,-125.047147,1
196,45.083564,-125.060280,1
104,45.069825,-125.049967,1
196,45.083564,-125.060280,1
216,45.079064,-125.053945,1
208,45.081234,-125.057578,1
78,45.070499,-125.052921,1
185,45.082046,-125.059996,1
73,45.079929,-125.054369,1
198,45.081142,-125.060247,1
195,45.079070,-125.053753,1
68,45.069893,-125.051574,1
82,45.067318,-125.055932,1
228,45.081383,-125.058213,1
200,45.078436,-125.062329,1
199,45.078679,-125.057092,1
87,45.065334,-125.049752,1
72,45.070358,-125.055565,1
210,45.078620,-125.054463,1
182,45.076019,-125.055601,1
201,45.081291,-125.066204,1
187,45.083202,-125.059083,1
381,45.081195,-125.064164,1
72,45.070358,-125.055565,1
229,45.077235,-125.053545,1
226,45.081378,-125.066343,1
182,45.076019,-125.055601,1
85,45.070057,-125.051602,1
183,45.084386,-125.056931,1
199,45.078679,-125.057092,1
119,45.069630,-125.051628,1
238,45.078360,-125.066031,1
116,45.066888,-125.047444,1
406,45.077129,-125.055995,1
208,45.081234,-125.057578,1
213,45.075330,-125.063308,1
102,45.075367,-125.053169,1
236,45.078712,-125.061263,1
229,45.077235,-125.053545,1
68,45.069893,-125.051574,1
72,45.070358,-125.055565,1
188,45.075901,-125.060247,1
83,45.071318,-125.055152,1
96,45.068851,-125.054475,1
70,45.069011,-125.048805,1
66,45.070479,-125.047147,1
209,45.072382,-125.053438,1
116,45.066888,-125.047444,1
237,45.083169,-125.063047,1
110,45.067874,-125.048293,1
222,45.078652,-125.059650,1
77,45.066630,-125.049157,1
98,45.070008,-125.054671,1
68,45.069893,-125.051574,1
78,45.070499,-125.052921,1
117,45.068482,-125.052406,1
104,45.069825,-125.049967,1
96,45.068851,-125.054475,1
91,45.072829,-125.059130,1
192,45.078585,-125.062508,1
75,45.070820,-125.051061,1
223,45.078835,-125.063524,1
215,45.078573,-125.059348,1
201,45.081291,-125.066204,1
193,45.083236,-125.054336,1
73,45.079929,-125.054369,1
230,45.076406,-125.056803,1
70,45.069011,-125.048805,1
79,45.070456,-125.051493,1
229,45.077235,-125.053545,1
68,45.069893,-125.051574,1
221,45.077118,-125.059316,1
230,45.076406,-125.056803,1
188,45.075901,-125.060247,1
77,45.066630,-125.049157,1
68,45.069893,-125.051574,1
197,45.080237,-125.064582,1
211,45.081334,-125.060034,1
214,45.080914,-125.062355,1
222,45.078652,-125.059650,1
66,45.070479,-125.047147,1
120,45.075003,-125.059445,1
195,45.079070,-125.053753,1
220,45.081624,-125.062402,1
222,45.078652,-125.059650,1
202,45.079507,-125.057615,1
100,45.067180,-125.048907,1
381,45.081195,-125.064164,1
214,45.080914,-125.062355,1
105,45.071494,-125.051406,1
84,45.070712,-125.051300,1
117,45.068482,-125.052406,1
71,45.065821,-125.049854,1
78,45.070499,-125.052921,1
87,45.065334,-125.049752,1
110,45.067874,-125.048293,1
406,45.077129,-125.055995,1
236,45.078712,-125.061263,1
79,45.070456,-125.051493,1
215,45.078573,-125.059348,1
221,45.077118,-125.059316,1
85,45.070057,-125.051602,1
232,45.080696,-125.060873,1
99,45.077864,-125.052226,1
406,45.077129,-125.055995,1
74,45.071927,-125.055209,1
78,45.070499,-125.052921,1
82,45.067318,-125.055932,1
70,45.069011,-125.048805,1
236,45.078712,-125.061263,1
191,45.082273,-125.061695,1
232,45.080696,-125.060873,1
85,45.070057,-125.051602,1
187,45.083202,-125.059083,1
92,45.077965,-125.053206,1
190,45.083631,-125.063038,1
237,45.083169,-125.063047,1
226,45.081378,-125.066343,1
88,45.077142,-125.055495,1
73,45.079929,-125.054369,1
112,45.075896,-125.051684,1
68,45.069893,-125.051574,1
190,45.083631,-125.063038,1
191,45.082273,-125.061695,1
222,45.078652,-125.059650,1
202,45.079507,-125.057615,1
99,45.077864,-125.052226,1
187,45.083202,-125.059083,1
210,45.078620,-125.054463,1
190,45.083631,-125.063038,1
210,45.078620,-125.054463,1
69,45.066073,-125.052259,1
211,45.081334,-125.060034,1
186,45.081251,-125.059212,1
118,45.064929,-125.046925,1
202,45.079507,-125.057615,1
235,45.081185,-125.056653,1
221,45.077118,-125.059316,1
186,45.081251,-125.059212,1
198,45.081142,-125.060247,1
199,45.078679,-125.057092,1
189,45.080107,-125.051239,1
200,45.078436,-125.062329,1
117,45.068482,-125.052406,1
100,45.067180,-125.048907,1
196,45.083564,-125.060280,1
192,45.078585,-125.062508,1
200,45.078436,-125.062329,1
92,45.077965,-125.053206,1
215,45.078573,-125.059348,1
73,45.079929,-125.054369,1
186,45.081251,-125.059212,1
198,45.081142,-125.060247,1
70,45.069011,-125.048805,1
211,45.081334,-125.060034,1
106,45.066540,-125.052686,1
220,45.081624,-125.062402,1
65,45.073759,-125.046986,1
67,45.071549,-125.048191,1
192,45.078585,-125.062508,1
116,45.066888,-125.047444,1
215,45.078573,-125.059348,1
104,45.069825,-125.049967,1
98,45.070008,-125.054671,1
95,45.070484,-125.046259,1
200,45.078436,-125.062329,1
220,45.081624,-125.062402,1
73,45.079929,-125.054369,1
186,45.081251,-125.059212,1
64,45.064487,-125.049998,1
229,45.077235,-125.053545,1
187,45.083202,-125.059083,1
228,45.081383,-125.058213,1
119,45.069630,-125.051628,1
66,45.070479,-125.047147,1
88,45.077142,-125.055495,1
223,45.078835,-125.063524,1
187,45.083202,-125.059083,1
202,45.079507,-125.057615,1
213,45.075330,-125.063308,1
183,45.084386,-125.056931,1
215,45.078573,-125.059348,1
185,45.082046,-125.059996,1
117,45.068482,-125.052406,1
70,45.069011,-125.048805,1
197,45.080237,-125.064582,1
214,45.080914,-125.062355,1
192,45.078585,-125.062508,1
210,45.078620,-125.054463,1
230,45.076406,-125.056803,1
227,45.080654,-125.064849,1
191,45.082273,-125.061695,1
79,45.070456,-125.051493,1
79,45.070456,-125.051493,1
65,45.073759,-125.046986,1
230,45.076406,-125.056803,1
105,45.071494,-125.051406,1
213,45.075330,-125.063308,1
222,45.078652,-125.059650,1
222,45.078652,-125.059650,1
71,45.065821,-125.049854,1
80,45.065802,-125.057487,1
198,45.081142,-125.060247,1
70,45.069011,-125.048805,1
79,45.070456,-125.051493,1
120,45.075003,-125.059445,1
98,45.070008,-125.054671,1
86,45.066412,-125.045942,1
98,45.070008,-125.054671,1
406,45.077129,-125.055995,1
199,45.078679,-125.057092,1
213,45.075330,-125.063308,1
231,45.076341,-125.058161,1
82,45.067318,-125.055932,1
69,45.066073,-125.052259,1
406,45.077129,-125.055995,1
73,45.079929,-125.054369,1
75,45.070820,-125.051061,1
190,45.083631,-125.063038,1
118,45.064929,-125.046925,1
78,45.070499,-125.052921,1
192,45.078585,-125.062508,1
237,45.083169,-125.063047,1
112,45.075896,-125.051684,1
74,45.071927,-125.055209,1
236,45.078712,-125.061263,1
240,45.077762,-125.061294,1
183,45.084386,-125.056931,1
220,45.081624,-125.062402,1
88,45.077142,-125.055495,1
92,45.077965,-125.053206,1
198,45.081142,-125.060247,1
100,45.067180,-125.048907,1
86,45.066412,-125.045942,1
221,45.077118,-125.059316,1
216,45.079064,-125.053945,1
187,45.083202,-125.059083,1
216,45.079064,-125.053945,1
182,45.076019,-125.055601,1
197,45.080237,-125.064582,1
104,45.069825,-125.049967,1
211,45.081334,-125.060034,1
215,45.078573,-125.059348,1
381,45.081195,-125.064164,1
75,45.070820,-125.051061,1
188,45.075901,-125.060247,1
182,45.076019,-125.055601,1
69,45.066073,-125.052259,1
93,45.072194,-125.050039,1
100,45.067180,-125.048907,1
205,45.076193,-125.057571,1
88,45.077142,-125.055495,1
381,45.081195,-125.064164,1
68,45.069893,-125.051574,1
81,45.074208,-125.051479,1
105,45.071494,-125.051406,1
216,45.079064,-125.053945,1
198,45.081142,-125.060247,1
220,45.081624,-125.062402,1
185,45.082046,-125.059996,1
238,45.078360,-125.066031,1
198,45.081142,-125.060247,1
102,45.075367,-125.053169,1
198,45.081142,-125.060247,1
228,45.081383,-125.058213,1
192,45.078585,-125.062508,1
204,45.084637,-125.053428,1
211,45.081334,-125.060034,1
100,45.067180,-125.048907,1
190,45.083631,-125.063038,1
99,45.077864,-125.052226,1
210,45.078620,-125.054463,1
215,45.078573,-125.059348,1
71,45.065821,-125.049854,1
187,45.083202,-125.059083,1
74,45.071927,-125.055209,1
231,45.076341,-125.058161,1
98,45.070008,-125.054671,1
99,45.077864,-125.052226,1
205,45.076193,-125.057571,1
119,45.069630,-125.051628,1
85,45.070057,-125.051602,1
112,45.075896,-125.051684,1
186,45.081251,-125.059212,1
84,45.070712,-125.051300,1
68,45.069893,-125.051574,1
84,45.070712,-125.051300,1
232,45.080696,-125.060873,1
184,45.080318,-125.064872,1
105,45.071494,-125.051406,1
187,45.083202,-125.059083,1
93,45.072194,-125.050039,1
406,45.077129,-125.055995,1
186,45.081251,-125.059212,1
75,45.070820,-125.051061,1
187,45.083202,-125.059083,1
85,45.070057,-125.051602,1
185,45.082046,-125.059996,1
200,45.078436,-125.062329,1
72,45.070358,-125.055565,1
201,45.081291,-125.066204,1
117,45.068482,-125.052406,1
197,45.080237,-125.064582,1
106,45.066540,-125.052686,1
240,45.077762,-125.061294,1
381,45.081195,-125.064164,1
213,45.075330,-125.063308,1
81,45.074208,-125.051479,1
191,45.082273,-125.061695,1
202,45.079507,-125.057615,1
209,45.072382,-125.053438,1
117,45.068482,-125.052406,1
218,45.074864,-125.059253,1
192,45.078585,-125.062508,1
231,45.076341,-125.058161,1
199,45.078679,-125.057092,1
227,45.080654,-125.064849,1
216,45.079064,-125.053945,1
232,45.080696,-125.060873,1
88,45.077142,-125.055495,1
222,45.078652,-125.059650,1
189,45.080107,-125.051239,1
83,45.071318,-125.055152,1
202,45.079507,-125.057615,1
238,45.078360,-125.066031,1
198,45.081142,-125.060247,1
216,45.079064,-125.053945,1
229,45.077235,-125.053545,1
87,45.065334,-125.049752,1
207,45.080832,-125.055638,1
102,45.075367,-125.053169,1
104,45.069825,-125.049967,1
211,45.081334,-125.060034,1
96,45.068851,-125.054475,1
66,45.070479,-125.047147,1
78,45.070499,-125.052921,1
87,45.065334,-125.049752,1
69,45.066073,-125.052259,1
207,45.080832,-125.055638,1
182,45.076019,-125.055601,1
66,45.070479,-125.047147,1
205,45.076193,-125.057571,1
84,45.070712,-125.051300,1
69,45.066073,-125.052259,1
196,45.083564,-125.060280,1
93,45.072194,-125.050039,1
199,45.078679,-125.057092,1
77,45.066630,-125.049157,1
190,45.083631,-125.063038,1
221,45.077118,-125.059316,1
201,45.081291,-125.066204,1
214,45.080914,-125.062355,1
230,45.076406,-125.056803,1
231,45.076341,-125.058161,1
105,45.071494,-125.051406,1
205,45.076193,-125.057571,1
106,45.066540,-125.052686,1
209,45.072382,-125.053438,1
215,45.078573,-125.059348,1
85,45.070057,-125.051602,1
196,45.083564,-125.060280,1
116,45.066888,-125.047444,1
210,45.078620,-125.054463,1
210,45.078620,-125.054463,1
230,45.076406,-125.056803,1
207,45.080832,-125.055638,1
93,45.072194,-125.050039,1
196,45.083564,-125.060280,1
74,45.071927,-125.055209,1
120,45.075003,-125.059445,1
85,45.070057,-125.051602,1
78,45.070499,-125.052921,1
227,45.080654,-125.064849,1
205,45.076193,-125.057571,1
96,45.068851,-125.054475,1
205,45.076193,-125.057571,1
226,45.081378,-125.066343,1
188,45.075901,-125.060247,1
118,45.064929,-125.046925,1
232,45.080696,-125.060873,1
237,45.083169,-125.063047,1
75,45.070820,-125.051061,1
85,45.070057,-125.051602,1
87,45.065334,-125.049752,1
73,45.079929,-125.054369,1
86,45.066412,-125.045942,1
71,45.065821,-125.049854,1
221,45.077118,-125.059316,1
208,45.081234,-125.057578,1
81,45.074208,-125.051479,1
232,45.080696,-125.060873,1
110,45.067874,-125.048293,1
110,45.067874,-125.048293,1
196,45.083564,-125.060280,1
201,45.081291,-125.066204,1
186,45.081251,-125.059212,1
105,45.071494,-125.051406,1
70,45.069011,-125.048805,1
230,45.076406,-125.056803,1
82,45.067318,-125.055932,1
220,45.081624,-125.062402,1
188,45.075901,-125.060247,1
192,45.078585,-125.062508,1
68,45.069893,-125.051574,1
79,45.070456,-125.051493,1
105,45.071494,-125.051406,1
119,45.069630,-125.051628,1
227,45.080654,-125.064849,1
70,45.069011,-125.048805,1
192,45.078585,-125.062508,1
240,45.077762,-125.061294,1
213,45.075330,-125.063308,1
82,45.067318,-125.055932,1
119,45.069630,-125.051628,1
237,45.083169,-125.063047,1
64,45.064487,-125.049998,1
406,45.077129,-125.055995,1
111,45.063502,-125.043456,1
240,45.077762,-125.061294,1
117,45.068482,-125.052406,1
216,45.079064,-125.053945,1
216,45.079064,-125.053945,1
213,45.075330,-125.063308,1
220,45.081624,-125.062402,1
191,45.082273,-125.061695,1
202,45.079507,-125.057615,1
110,45.067874,-125.048293,1
88,45.077142,-125.055495,1
113,45.070766,-125.061242,1
79,45.070456,-125.051493,1
230,45.076406,-125.056803,1
74,45.071927,-125.055209,1
199,45.078679,-125.057092,1
104,45.069825,-125.049967,1
211,45.081334,-125.060034,1
84,45.070712,-125.051300,1
106,45.066540,-125.052686,1
196,45.083564,-125.060280,1
98,45.070008,-125.054671,1
202,45.079507,-125.057615,1
218,45.074864,-125.059253,1
184,45.080318,-125.064872,1
182,45.076019,-125.055601,1
83,45.071318,-125.055152,1
191,45.082273,-125.061695,1
235,45.081185,-125.056653,1
216,45.079064,-125.053945,1
192,45.078585,-125.062508,1
381,45.081195,-125.064164,1
230,45.076406,-125.056803,1
91,45.072829,-125.059130,1
202,45.079507,-125.057615,1
205,45.076193,-125.057571,1
93,45.072194,-125.050039,1
94,45.066954,-125.046163,1
214,45.080914,-125.062355,1
215,45.078573,-125.059348,1
88,45.077142,-125.055495,1
73,45.079929,-125.054369,1
73,45.079929,-125.054369,1
200,45.078436,-125.062329,1
183,45.084386,-125.056931,1
215,45.078573,-125.059348,1
75,45.070820,-125.051061,1
215,45.078573,-125.059348,1
102,45.075367,-125.053169,1
231,45.076341,-125.058161,1
221,45.077118,-125.059316,1
228,45.081383,-125.058213,1
232,45.080696,-125.060873,1
100,45.067180,-125.048907,1
66,45.070479,-125.047147,1
119,45.069630,-125.051628,1
227,45.080654,-125.064849,1
202,45.079507,-125.057615,1
229,45.077235,-125.053545,1
220,45.081624,-125.062402,1
188,45.075901,-125.060247,1
216,45.079064,-125.053945,1
75,45.070820,-125.051061,1
226,45.081378,-125.066343,1
214,45.080914,-125.062355,1
235,45.081185,-125.056653,1
82,45.067318,-125.055932,1
71,45.065821,-125.049854,1
189,45.080107,-125.051239,1
229,45.077235,-125.053545,1
199,45.078679,-125.057092,1
191,45.082273,-125.061695,1
223,45.078835,-125.063524,1
236,45.078712,-125.061263,1
231,45.076341,-125.058161,1
92,45.077965,-125.053206,1
211,45.081334,-125.060034,1
221,45.077118,-125.059316,1
110,45.067874,-125.048293,1
208,45.081234,-125.057578,1
235,45.081185,-125.056653,1
229,45.077235,-125.053545,1
228,45.081383,-125.058213,1
208,45.081234,-125.057578,1
227,45.080654,-125.064849,1
381,45.081195,-125.064164,1
200,45.078436,-125.062329,1
184,45.080318,-125.064872,1
92,45.077965,-125.053206,1
211,45.081334,-125.060034,1
85,45.070057,-125.051602,1
110,45.067874,-125.048293,1
88,45.077142,-125.055495,1
116,45.066888,-125.047444,1
77,45.066630,-125.049157,1
67,45.071549,-125.048191,1
235,45.081185,-125.056653,1
197,45.080237,-125.064582,1
209,45.072382,-125.053438,1
201,45.081291,-125.066204,1
202,45.079507,-125.057615,1
116,45.066888,-125.047444,1
110,45.067874,-125.048293,1
69,45.066073,-125.052259,1
215,45.078573,-125.059348,1
105,45.071494,-125.051406,1
77,45.066630,-125.049157,1
226,45.081378,-125.066343,1
69,45.066073,-125.052259,1
77,45.066630,-125.049157,1
208,45.081234,-125.057578,1
188,45.075901,-125.060247,1
201,45.081291,-125.066204,1
99,45.077864,-125.052226,1
94,45.066954,-125.046163,1
119,45.069630,-125.051628,1
72,45.070358,-125.055565,1
220,45.081624,-125.062402,1
96,45.068851,-125.054475,1
226,45.081378,-125.066343,1
220,45.081624,-125.062402,1
117,45.068482,-125.052406,1
189,45.080107,-125.051239,1
119,45.069630,-125.051628,1
209,45.072382,-125.053438,1
184,45.080318,-125.064872,1
86,45.066412,-125.045942,1
231,45.076341,-125.058161,1
197,45.080237,-125.064582,1
200,45.078436,-125.062329,1
239,45.086059,-125.061430,1
78,45.070499,-125.052921,1
193,45.083236,-125.054336,1
190,45.083631,-125.063038,1
70,45.069011,-125.048805,1
222,45.078652,-125.059650,1
218,45.074864,-125.059253,1
78,45.070499,-125.052921,1
199,45.078679,-125.057092,1
73,45.079929,-125.054369,1
183,45.084386,-125.056931,1
66,45.070479,-125.047147,1
77,45.066630,-125.049157,1
406,45.077129,-125.055995,1
222,45.078652,-125.059650,1
229,45.077235,-125.053545,1
406,45.077129,-125.055995,1
195,45.079070,-125.053753,1
189,45.080107,-125.051239,1
214,45.080914,-125.062355,1
200,45.078436,-125.062329,1
227,45.080654,-125.064849,1
185,45.082046,-125.059996,1
78,45.070499,-125.052921,1
195,45.079070,-125.053753,1
236,45.078712,-125.061263,1
67,45.071549,-125.048191,1
72,45.070358,-125.055565,1
102,45.075367,-125.053169,1
116,45.066888,-125.047444,1
196,45.083564,-125.060280,1
216,45.079064,-125.053945,1
214,45.080914,-125.062355,1
185,45.082046,-125.059996,1
186,45.081251,-125.059212,1
227,45.080654,-125.064849,1
185,45.082046,-125.059996,1
112,45.075896,-125.051684,1
211,45.081334,-125.060034,1
84,45.070712,-125.051300,1
381,45.081195,-125.064164,1
87,45.065334,-125.049752,1
205,45.076193,-125.057571,1
106,45.066540,-125.052686,1
105,45.071494,-125.051406,1
230,45.076406,-125.056803,1
67,45.071549,-125.048191,1
100,45.067180,-125.048907,1
85,45.070057,-125.051602,1
90,45.062186,-125.047342,1
236,45.078712,-125.061263,1
228,45.081383,-125.058213,1
235,45.081185,-125.056653,1
119,45.069630,-125.051628,1
215,45.078573,-125.059348,1
228,45.081383,-125.058213,1
212,45.075596,-125.066797,1
226,45.081378,-125.066343,1
208,45.081234,-125.057578,1
67,45.071549,-125.048191,1
83,45.071318,-125.055152,1
235,45.081185,-125.056653,1
218,45.074864,-125.059253,1
185,45.082046,-125.059996,1
105,45.071494,-125.051406,1
207,45.080832,-125.055638,1
237,45.083169,-125.063047,1
118,45.064929,-125.046925,1
215,45.078573,-125.059348,1
188,45.075901,-125.060247,1
221,45.077118,-125.059316,1
208,45.081234,-125.057578,1
193,45.083236,-125.054336,1
84,45.070712,-125.051300,1
221,45.077118,-125.059316,1
198,45.081142,-125.060247,1
236,45.078712,-125.061263,1
194,45.083731,-125.066491,1
220,45.081624,-125.062402,1
220,45.081624,-125.062402,1
228,45.081383,-125.058213,1
96,45.068851,-125.054475,1
92,45.077965,-125.053206,1
70,45.069011,-125.048805,1
119,45.069630,-125.051628,1
83,45.071318,-125.055152,1
232,45.080696,-125.060873,1
64,45.064487,-125.049998,1
191,45.082273,-125.061695,1
208,45.081234,-125.057578,1
196,45.083564,-125.060280,1
198,45.081142,-125.060247,1
240,45.077762,-125.061294,1
86,45.066412,-125.045942,1
207,45.080832,-125.055638,1
210,45.078620,-125.054463,1
221,45.077118,-125.059316,1
210,45.078620,-125.054463,1
198,45.081142,-125.060247,1
69,45.066073,-125.052259,1
120,45.075003,-125.059445,1
186,45.081251,-125.059212,1
207,45.080832,-125.055638,1
75,45.070820,-125.051061,1
237,45.083169,-125.063047,1
182,45.076019,-125.055601,1
195,45.079070,-125.053753,1
200,45.078436,-125.062329,1
221,45.077118,-125.059316,1
191,45.082273,-125.061695,1
184,45.080318,-125.064872,1
72,45.070358,-125.055565,1
227,45.080654,-125.064849,1
188,45.075901,-125.060247,1
85,45.070057,-125.051602,1
236,45.078712,-125.061263,1
208,45.081234,-125.057578,1
110,45.067874,-125.048293,1
65,45.073759,-125.046986,1
213,45.075330,-125.063308,1
119,45.069630,-125.051628,1
119,45.069630,-125.051628,1
192,45.078585,-125.062508,1
185,45.082046,-125.059996,1
74,45.071927,-125.055209,1
198,45.081142,-125.060247,1
236,45.078712,-125.061263,1
196,45.083564,-125.060280,1
211,45.081334,-125.060034,1
218,45.074864,-125.059253,1
191,45.082273,-125.061695,1
235,45.081185,-125.056653,1
81,45.074208,-125.051479,1
112,45.075896,-125.051684,1
117,45.068482,-125.052406,1
83,45.071318,-125.055152,1
220,45.081624,-125.062402,1
220,45.081624,-125.062402,1
205,45.076193,-125.057571,1
229,45.077235,-125.053545,1
229,45.077235,-125.053545,1
223,45.078835,-125.063524,1
406,45.077129,-125.055995,1
237,45.083169,-125.063047,1
77,45.066630,-125.049157,1
88,45.077142,-125.055495,1
183,45.084386,-125.056931,1
218,45.074864,-125.059253,1
84,45.070712,-125.051300,1
216,45.079064,-125.053945,1
83,45.071318,-125.055152,1
104,45.069825,-125.049967,1
221,45.077118,-125.059316,1
216,45.079064,-125.053945,1
185,45.082046,-125.059996,1
116,45.066888,-125.047444,1
229,45.077235,-125.053545,1
188,45.075901,-125.060247,1
214,45.080914,-125.062355,1
78,45.070499,-125.052921,1
214,45.080914,-125.062355,1
222,45.078652,-125.059650,1
200,45.078436,-125.062329,1
70,45.069011,-125.048805,1
232,45.080696,-125.060873,1
71,45.065821,-125.049854,1
230,45.076406,-125.056803,1
87,45.065334,-125.049752,1
82,45.067318,-125.055932,1
205,45.076193,-125.057571,1
208,45.081234,-125.057578,1
119,45.069630,-125.051628,1
211,45.081334,-125.060034,1
222,45.078652,-125.059650,1
118,45.064929,-125.046925,1
227,45.080654,-125.064849,1
100,45.067180,-125.048907,1
228,45.081383,-125.058213,1
232,45.080696,-125.060873,1
100,45.067180,-125.048907,1
190,45.083631,-125.063038,1
199,45.078679,-125.057092,1
232,45.080696,-125.060873,1
205,45.076193,-125.057571,1
88,45.077142,-125.055495,1
185,45.082046,-125.059996,1
211,45.081334,-125.060034,1
85,45.070057,-125.051602,1
118,45.064929,-125.046925,1
182,45.076019,-125.055601,1
99,45.077864,-125.052226,1
197,45.080237,-125.064582,1
200,45.078436,-125.062329,1
192,45.078585,-125.062508,1
406,45.077129,-125.055995,1
200,45.078436,-125.062329,1
220,45.081624,-125.062402,1
110,45.067874,-125.048293,1
69,45.066073,-125.052259,1
214,45.080914,-125.062355,1
198,45.081142,-125.060247,1
406,45.077129,-125.055995,1
207,45.080832,-125.055638,1
71,45.065821,-125.049854,1
207,45.080832,-125.055638,1
223,45.078835,-125.063524,1
229,45.077235,-125.053545,1
116,45.066888,-125.047444,1
192,45.078585,-125.062508,1
195,45.079070,-125.053753,1
64,45.064487,-125.049998,1
237,45.083169,-125.063047,1
112,45.075896,-125.051684,1
81,45.074208,-125.051479,1
120,45.075003,-125.059445,1
381,45.081195,-125.064164,1
232,45.080696,-125.060873,1
200,45.078436,-125.062329,1
86,45.066412,-125.045942,1
219,45.071921,-125.061116,1
202,45.079507,-125.057615,1
406,45.077129,-125.055995,1
214,45.080914,-125.062355,1
211,45.081334,-125.060034,1
197,45.080237,-125.064582,1
79,45.070456,-125.051493,1
381,45.081195,-125.064164,1
210,45.078620,-125.054463,1
237,45.083169,-125.063047,1
220,45.081624,-125.062402,1
82,45.067318,-125.055932,1
406,45.077129,-125.055995,1
208,45.081234,-125.057578,1
216,45.079064,-125.053945,1
88,45.077142,-125.055495,1
228,45.081383,-125.058213,1
106,45.066540,-125.052686,1
202,45.079507,-125.057615,1
186,45.081251,-125.059212,1
237,45.083169,-125.063047,1
381,45.081195,-125.064164,1
64,45.064487,-125.049998,1
222,45.078652,-125.059650,1
79,45.070456,-125.051493,1
230,45.076406,-125.056803,1
106,45.066540,-125.052686,1
227,45.080654,-125.064849,1
110,45.067874,-125.048293,1
194,45.083731,-125.066491,1
74,45.071927,-125.055209,1
216,45.079064,-125.053945,1
214,45.080914,-125.062355,1
88,45.077142,-125.055495,1
93,45.072194,-125.050039,1
68,45.069893,-125.051574,1
198,45.081142,-125.060247,1
100,45.067180,-125.048907,1
226,45.081378,-125.066343,1
211,45.081334,-125.060034,1
195,45.079070,-125.053753,1
83,45.071318,-125.055152,1
222,45.078652,-125.059650,1
210,45.078620,-125.054463,1
201,45.081291,-125.066204,1
104,45.069825,-125.049967,1
64,45.064487,-125.049998,1
235,45.081185,-125.056653,1
81,45.074208,-125.051479,1
74,45.071927,-125.055209,1
102,45.075367,-125.053169,1
199,45.078679,-125.057092,1
227,45.080654,-125.064849,1
185,45.082046,-125.059996,1
98,45.070008,-125.054671,1
210,45.078620,-125.054463,1
218,45.074864,-125.059253,1
106,45.066540,-125.052686,1
235,45.081185,-125.056653,1
195,45.079070,-125.053753,1
104,45.069825,-125.049967,1
104,45.069825,-125.049967,1
197,45.080237,-125.064582,1
207,45.080832,-125.055638,1
202,45.079507,-125.057615,1
187,45.083202,-125.059083,1
192,45.078585,-125.062508,1
185,45.082046,-125.059996,1
107,45.074786,-125.047801,1
197,45.080237,-125.064582,1
232,45.080696,-125.060873,1
226,45.081378,-125.066343,1
186,45.081251,-125.059212,1
78,45.070499,-125.052921,1
92,45.077965,-125.053206,1
187,45.083202,-125.059083,1
96,45.068851,-125.054475,1
232,45.080696,-125.060873,1
192,45.078585,-125.062508,1
221,45.077118,-125.059316,1
99,45.077864,-125.052226,1
93,45.072194,-125.050039,1
75,45.070820,-125.051061,1
118,45.064929,-125.046925,1
207,45.080832,-125.055638,1
231,45.076341,-125.058161,1
222,45.078652,-125.059650,1
92,45.077965,-125.053206,1
182,45.076019,-125.055601,1
211,45.081334,-125.060034,1
231,45.076341,-125.058161,1
192,45.078585,-125.062508,1
83,45.071318,-125.055152,1
237,45.083169,-125.063047,1
93,45.072194,-125.050039,1
220,45.081624,-125.062402,1
75,45.070820,-125.051061,1
210,45.078620,-125.054463,1
208,45.081234,-125.057578,1
211,45.081334,-125.060034,1
119,45.069630,-125.051628,1
187,45.083202,-125.059083,1
83,45.071318,-125.055152,1
232,45.080696,-125.060873,1
227,45.080654,-125.064849,1
237,45.083169,-125.063047,1
228,45.081383,-125.058213,1
84,45.070712,-125.051300,1
183,45.084386,-125.056931,1
93,45.072194,-125.050039,1
72,45.070358,-125.055565,1
231,45.076341,-125.058161,1
237,45.083169,-125.063047,1
116,45.066888,-125.047444,1
91,45.072829,-125.059130,1
406,45.077129,-125.055995,1
227,45.080654,-125.064849,1
85,45.070057,-125.051602,1
106,45.066540,-125.052686,1
66,45.070479,-125.047147,1
186,45.081251,-125.059212,1
202,45.079507,-125.057615,1
240,45.077762,-125.061294,1
86,45.066412,-125.045942,1
223,45.078835,-125.063524,1
98,45.070008,-125.054671,1
91,45.072829,-125.059130,1
236,45.078712,-125.061263,1
195,45.079070,-125.053753,1
227,45.080654,-125.064849,1
188,45.075901,-125.060247,1
223,45.078835,-125.063524,1
71,45.065821,-125.049854,1
231,45.076341,-125.058161,1
191,45.082273,-125.061695,1
188,45.075901,-125.060247,1
216,45.079064,-125.053945,1
199,45.078679,-125.057092,1
234,45.085270,-125.054272,1
205,45.076193,-125.057571,1
201,45.081291,-125.066204,1
116,45.066888,-125.047444,1
202,45.079507,-125.057615,1
188,45.075901,-125.060247,1
195,45.079070,-125.053753,1
68,45.069893,-125.051574,1
105,45.071494,-125.051406,1
65,45.073759,-125.046986,1
70,45.069011,-125.048805,1
215,45.078573,-125.059348,1
100,45.067180,-125.048907,1
105,45.071494,-125.051406,1
66,45.070479,-125.047147,1
110,45.067874,-125.048293,1
104,45.069825,-125.049967,1
81,45.074208,-125.051479,1
211,45.081334,-125.060034,1
199,45.078679,-125.057092,1
184,45.080318,-125.064872,1
236,45.078712,-125.061263,1
66,45.070479,-125.047147,1
192,45.078585,-125.062508,1
200,45.078436,-125.062329,1
221,45.077118,-125.059316,1
74,45.071927,-125.055209,1
94,45.066954,-125.046163,1
96,45.068851,-125.054475,1
236,45.078712,-125.061263,1
70,45.069011,-125.048805,1
68,45.069893,-125.051574,1
94,45.066954,-125.046163,1
214,45.080914,-125.062355,1
207,45.080832,-125.055638,1
195,45.079070,-125.053753,1
100,45.067180,-125.048907,1
88,45.077142,-125.055495,1
69,45.066073,-125.052259,1
92,45.077965,-125.053206,1
232,45.080696,-125.060873,1
215,45.078573,-125.059348,1
84,45.070712,-125.051300,1
210,45.078620,-125.054463,1
85,45.070057,-125.051602,1
84,45.070712,-125.051300,1
195,45.079070,-125.053753,1
226,45.081378,-125.066343,1
235,45.081185,-125.056653,1
96,45.068851,-125.054475,1
192,45.078585,-125.062508,1
190,45.083631,-125.063038,1
92,45.077965,-125.053206,1
207,45.080832,-125.055638,1
112,45.075896,-125.051684,1
78,45.070499,-125.052921,1
98,45.070008,-125.054671,1
182,45.076019,-125.055601,1
215,45.078573,-125.059348,1
208,45.081234,-125.057578,1
110,45.067874,-125.048293,1
91,45.072829,-125.059130,1
221,45.077118,-125.059316,1
71,45.065821,-125.049854,1
119,45.069630,-125.051628,1
199,45.078679,-125.057092,1
230,45.076406,-125.056803,1
78,45.070499,-125.052921,1
202,45.079507,-125.057615,1
196,45.083564,-125.060280,1
218,45.074864,-125.059253,1
116,45.066888,-125.047444,1
119,45.069630,-125.051628,1
67,45.071549,-125.048191,1
66,45.070479,-125.047147,1
191,45.082273,-125.061695,1
240,45.077762,-125.061294,1
84,45.070712,-125.051300,1
230,45.076406,-125.056803,1
98,45.070008,-125.054671,1
73,45.079929,-125.054369,1
218,45.074864,-125.059253,1
231,45.076341,-125.058161,1
210,45.078620,-125.054463,1
209,45.072382,-125.053438,1
230,45.076406,-125.056803,1
202,45.079507,-125.057615,1
240,45.077762,-125.061294,1
195,45.079070,-125.053753,1
186,45.081251,-125.059212,1
207,45.080832,-125.055638,1
79,45.070456,-125.051493,1
92,45.077965,-125.053206,1
209,45.072382,-125.053438,1
185,45.082046,-125.059996,1
238,45.078360,-125.066031,1
201,45.081291,-125.066204,1
214,45.080914,-125.062355,1
223,45.078835,-125.063524,1
228,45.081383,-125.058213,1
182,45.076019,-125.055601,1
190,45.083631,-125.063038,1
232,45.080696,-125.060873,1
201,45.081291,-125.066204,1
202,45.079507,-125.057615,1
74,45.071927,-125.055209,1
199,45.078679,-125.057092,1
200,45.078436,-125.062329,1
71,45.065821,-125.049854,1
186,45.081251,-125.059212,1
231,45.076341,-125.058161,1
198,45.081142,-125.060247,1
222,45.078652,-125.059650,1
227,45.080654,-125.064849,1
67,45.071549,-125.048191,1
117,45.068482,-125.052406,1
200,45.078436,-125.062329,1
117,45.068482,-125.052406,1
222,45.078652,-125.059650,1
381,45.081195,-125.064164,1
216,45.079064,-125.053945,1
198,45.081142,-125.060247,1
118,45.064929,-125.046925,1
194,45.083731,-125.066491,1
183,45.084386,-125.056931,1
230,45.076406,-125.056803,1
222,45.078652,-125.059650,1
182,45.076019,-125.055601,1
82,45.067318,-125.055932,1
238,45.078360,-125.066031,1
215,45.078573,-125.059348,1
223,45.078835,-125.063524,1
78,45.070499,-125.052921,1
68,45.069893,-125.051574,1
119,45.069630,-125.051628,1
68,45.069893,-125.051574,1
105,45.071494,-125.051406,1
182,45.076019,-125.055601,1
69,45.066073,-125.052259,1
406,45.077129,-125.055995,1
186,45.081251,-125.059212,1
211,45.081334,-125.060034,1
110,45.067874,-125.048293,1
238,45.078360,-125.066031,1
66,45.070479,-125.047147,1
209,45.072382,-125.053438,1
233,45.075366,-125.067792,1
240,45.077762,-125.061294,1
65,45.073759,-125.046986,1
196,45.083564,-125.060280,1
93,45.072194,-125.050039,1
71,45.065821,-125.049854,1
199,45.078679,-125.057092,1
72,45.070358,-125.055565,1
215,45.078573,-125.059348,1
207,45.080832,-125.055638,1
223,45.078835,-125.063524,1
211,45.081334,-125.060034,1
214,45.080914,-125.062355,1
211,45.081334,-125.060034,1
109,45.063165,-125.052783,1
99,45.077864,-125.052226,1
72,45.070358,-125.055565,1
232,45.080696,-125.060873,1
186,45.081251,-125.059212,1
381,45.081195,-125.064164,1
79,45.070456,-125.051493,1
88,45.077142,-125.055495,1
99,45.077864,-125.052226,1
78,45.070499,-125.052921,1
208,45.081234,-125.057578,1
228,45.081383,-125.058213,1
77,45.066630,-125.049157,1
68,45.069893,-125.051574,1
207,45.080832,-125.055638,1
112,45.075896,-125.051684,1
220,45.081624,-125.062402,1
235,45.081185,-125.056653,1
96,45.068851,-125.054475,1
85,45.070057,-125.051602,1
94,45.066954,-125.046163,1
194,45.083731,-125.066491,1
106,45.066540,-125.052686,1
235,45.081185,-125.056653,1
202,45.079507,-125.057615,1
98,45.070008,-125.054671,1
209,45.072382,-125.053438,1
120,45.075003,-125.059445,1
200,45.078436,-125.062329,1
207,45.080832,-125.055638,1
73,45.079929,-125.054369,1
208,45.081234,-125.057578,1
221,45.077118,-125.059316,1
194,45.083731,-125.066491,1
381,45.081195,-125.064164,1
214,45.080914,-125.062355,1
96,45.068851,-125.054475,1
84,45.070712,-125.051300,1
184,45.080318,-125.064872,1
120,45.075003,-125.059445,1
222,45.078652,-125.059650,1
84,45.070712,-125.051300,1
81,45.074208,-125.051479,1
104,45.069825,-125.049967,1
216,45.079064,-125.053945,1
92,45.077965,-125.053206,1
192,45.078585,-125.062508,1
102,45.075367,-125.053169,1
228,45.081383,-125.058213,1
79,45.070456,-125.051493,1
223,45.078835,-125.063524,1
190,45.083631,-125.063038,1
68,45.069893,-125.051574,1
406,45.077129,-125.055995,1
190,45.083631,-125.063038,1
67,45.071549,-125.048191,1
75,45.070820,-125.051061,1
229,45.077235,-125.053545,1
183,45.084386,-125.056931,1
110,45.067874,-125.048293,1
67,45.071549,-125.048191,1
117,45.068482,-125.052406,1
83,45.071318,-125.055152,1
199,45.078679,-125.057092,1
231,45.076341,-125.058161,1
192,45.078585,-125.062508,1
210,45.078620,-125.054463,1
190,45.083631,-125.063038,1
199,45.078679,-125.057092,1
87,45.065334,-125.049752,1
237,45.083169,-125.063047,1
205,45.076193,-125.057571,1
93,45.072194,-125.050039,1
184,45.080318,-125.064872,1
102,45.075367,-125.053169,1
406,45.077129,-125.055995,1
104,45.069825,-125.049967,1
211,45.081334,-125.060034,1
94,45.066954,-125.046163,1
184,45.080318,-125.064872,1
64,45.064487,-125.049998,1
202,45.079507,-125.057615,1
185,45.082046,-125.059996,1
197,45.080237,-125.064582,1
118,45.064929,-125.046925,1
215,45.078573,-125.059348,1
187,45.083202,-125.059083,1
198,45.081142,-125.060247,1
236,45.078712,-125.061263,1
119,45.069630,-125.051628,1
73,45.079929,-125.054369,1
99,45.077864,-125.052226,1
74,45.071927,-125.055209,1
92,45.077965,-125.053206,1
230,45.076406,-125.056803,1
85,45.070057,-125.051602,1
81,45.074208,-125.051479,1
88,45.077142,-125.055495,1
104,45.069825,-125.049967,1
188,45.075901,-125.060247,1
119,45.069630,-125.051628,1
104,45.069825,-125.049967,1
64,45.064487,-125.049998,1
74,45.071927,-125.055209,1
238,45.078360,-125.066031,1
84,45.070712,-125.051300,1
215,45.078573,-125.059348,1
118,45.064929,-125.046925,1
208,45.081234,-125.057578,1
214,45.080914,-125.062355,1
208,45.081234,-125.057578,1
100,45.067180,-125.048907,1
98,45.070008,-125.054671,1
190,45.083631,-125.063038,1
183,45.084386,-125.056931,1
191,45.082273,-125.061695,1
194,45.083731,-125.066491,1
75,45.070820,-125.051061,1
228,45.081383,-125.058213,1
93,45.072194,-125.050039,1
105,45.071494,-125.051406,1
220,45.081624,-125.062402,1
110,45.067874,-125.048293,1
92,45.077965,-125.053206,1
202,45.079507,-125.057615,1
117,45.068482,-125.052406,1
184,45.080318,-125.064872,1
119,45.069630,-125.051628,1
66,45.070479,-125.047147,1
227,45.080654,-125.064849,1
182,45.076019,-125.055601,1
227,45.080654,-125.064849,1
120,45.075003,-125.059445,1
205,45.076193,-125.057571,1
116,45.066888,-125.047444,1
214,45.080914,-125.062355,1
236,45.078712,-125.061263,1
74,45.071927,-125.055209,1
91,45.072829,-125.059130,1
114,45.063284,-125.055859,1
228,45.081383,-125.058213,1
70,45.069011,-125.048805,1
406,45.077129,-125.055995,1
214,45.080914,-125.062355,1
195,45.079070,-125.053753,1
209,45.072382,-125.053438,1
232,45.080696,-125.060873,1
184,45.080318,-125.064872,1
78,45.070499,-125.052921,1
184,45.080318,-125.064872,1
209,45.072382,-125.053438,1
112,45.075896,-125.051684,1
205,45.076193,-125.057571,1
77,45.066630,-125.049157,1
195,45.079070,-125.053753,1
87,45.065334,-125.049752,1
87,45.065334,-125.049752,1
67,45.071549,-125.048191,1
220,45.081624,-125.062402,1
190,45.083631,-125.063038,1
223,45.078835,-125.063524,1
240,45.077762,-125.061294,1
210,45.078620,-125.054463,1
69,45.066073,-125.052259,1
198,45.081142,-125.060247,1
116,45.066888,-125.047444,1
186,45.081251,-125.059212,1
200,45.078436,-125.062329,1
67,45.071549,-125.048191,1
88,45.077142,-125.055495,1
229,45.077235,-125.053545,1
210,45.078620,-125.054463,1
198,45.081142,-125.060247,1
240,45.077762,-125.061294,1
67,45.071549,-125.048191,1
228,45.081383,-125.058213,1
92,45.077965,-125.053206,1
214,45.080914,-125.062355,1
210,45.078620,-125.054463,1
98,45.070008,-125.054671,1
186,45.081251,-125.059212,1
236,45.078712,-125.061263,1
91,45.072829,-125.059130,1
381,45.081195,-125.064164,1
196,45.083564,-125.060280,1
205,45.076193,-125.057571,1
381,45.081195,-125.064164,1
115,45.072935,-125.043833,1
222,45.078652,-125.059650,1
406,45.077129,-125.055995,1
194,45.083731,-125.066491,1
184,45.080318,-125.064872,1
105,45.071494,-125.051406,1
74,45.071927,-125.055209,1
240,45.077762,-125.061294,1
104,45.069825,-125.049967,1
231,45.076341,-125.058161,1
228,45.081383,-125.058213,1
94,45.066954,-125.046163,1
223,45.078835,-125.063524,1
196,45.083564,-125.060280,1
199,45.078679,-125.057092,1
94,45.066954,-125.046163,1
93,45.072194,-125.050039,1
197,45.080237,-125.064582,1
85,45.070057,-125.051602,1
231,45.076341,-125.058161,1
199,45.078679,-125.057092,1
194,45.083731,-125.066491,1
232,45.080696,-125.060873,1
205,45.076193,-125.057571,1
99,45.077864,-125.052226,1
81,45.074208,-125.051479,1
235,45.081185,-125.056653,1
192,45.078585,-125.062508,1
97,45.075716,-125.045997,1
112,45.075896,-125.051684,1
216,45.079064,-125.053945,1
229,45.077235,-125.053545,1
201,45.081291,-125.066204,1
86,45.066412,-125.045942,1
226,45.081378,-125.066343,1
75,45.070820,-125.051061,1
64,45.064487,-125.049998,1
84,45.070712,-125.051300,1
195,45.079070,-125.053753,1
205,45.076193,-125.057571,1
221,45.077118,-125.059316,1
91,45.072829,-125.059130,1
84,45.070712,-125.051300,1
240,45.077762,-125.061294,1
240,45.077762,-125.061294,1
214,45.080914,-125.062355,1
83,45.071318,-125.055152,1
64,45.064487,-125.049998,1
240,45.077762,-125.061294,1
75,45.070820,-125.051061,1
110,45.067874,-125.048293,1
184,45.080318,-125.064872,1
235,45.081185,-125.056653,1
110,45.067874,-125.048293,1
193,45.083236,-125.054336,1
215,45.078573,-125.059348,1
91,45.072829,-125.059130,1
339,45.081635,-125.068196,1
120,45.075003,-125.059445,1
221,45.077118,-125.059316,1
105,45.071494,-125.051406,1
79,45.070456,-125.051493,1
200,45.078436,-125.062329,1
118,45.064929,-125.046925,1
208,45.081234,-125.057578,1
218,45.074864,-125.059253,1
119,45.069630,-125.051628,1
218,45.074864,-125.059253,1
189,45.080107,-125.051239,1
200,45.078436,-125.062329,1
185,45.082046,-125.059996,1
99,45.077864,-125.052226,1
88,45.077142,-125.055495,1
183,45.084386,-125.056931,1
193,45.083236,-125.054336,1
202,45.079507,-125.057615,1
186,45.081251,-125.059212,1
223,45.078835,-125.063524,1
73,45.079929,-125.054369,1
117,45.068482,-125.052406,1
100,45.067180,-125.048907,1
193,45.083236,-125.054336,1
227,45.080654,-125.064849,1
70,45.069011,-125.048805,1
96,45.068851,-125.054475,1
75,45.070820,-125.051061,1
230,45.076406,-125.056803,1
191,45.082273,-125.061695,1
93,45.072194,-125.050039,1
98,45.070008,-125.054671,1
67,45.071549,-125.048191,1
201,45.081291,-125.066204,1
222,45.078652,-125.059650,1
198,45.081142,-125.060247,1
381,45.081195,-125.064164,1
187,45.083202,-125.059083,1
88,45.077142,-125.055495,1
96,45.068851,-125.054475,1
83,45.071318,-125.055152,1
222,45.078652,-125.059650,1
196,45.083564,-125.060280,1
112,45.075896,-125.051684,1
209,45.072382,-125.053438,1
106,45.066540,-125.052686,1
220,45.081624,-125.062402,1
73,45.079929,-125.054369,1
187,45.083202,-125.059083,1
79,45.070456,-125.051493,1
226,45.081378,-125.066343,1
231,45.076341,-125.058161,1
192,45.078585,-125.062508,1
72,45.070358,-125.055565,1
117,45.068482,-125.052406,1
381,45.081195,-125.064164,1
191,45.082273,-125.061695,1
223,45.078835,-125.063524,1
82,45.067318,-125.055932,1
237,45.083169,-125.063047,1
110,45.067874,-125.048293,1
183,45.084386,-125.056931,1
220,45.081624,-125.062402,1
71,45.065821,-125.049854,1
200,45.078436,-125.062329,1
202,45.079507,-125.057615,1
77,45.066630,-125.049157,1
238,45.078360,-125.066031,1
189,45.080107,-125.051239,1
216,45.079064,-125.053945,1
197,45.080237,-125.064582,1
189,45.080107,-125.051239,1
236,45.078712,-125.061263,1
236,45.078712,-125.061263,1
112,45.075896,-125.051684,1
344,45.030663,-125.004913,0
336,45.027677,-125.057727,0
416,45.033737,-124.958935,0
358,45.015987,-125.090192,0
472,45.043372,-124.944238,0
362,45.010921,-125.077499,0
252,45.014688,-125.097455,0
414,45.028924,-125.043474,0
380,45.063963,-124.909469,0
432,45.040195,-124.970349,0
364,45.024938,-125.007167,0
422,44.997718,-124.917924,0
108,45.060243,-125.054567,0
500,45.049503,-125.102058,0
494,45.010163,-125.076884,0
404,45.045296,-125.106657,0
76,45.057868,-125.042897,0
470,45.010813,-124.931991,0
326,45.027860,-125.019325,0
280,45.016679,-125.092665,0
486,45.036834,-124.973565,0
410,45.089875,-125.034483,0
310,45.055161,-124.956121,0
430,45.065793,-125.112642,0
436,45.041604,-124.946361,0
490,45.034697,-124.947301,0
446,45.039336,-124.980406,0
314,45.067635,-125.078355,0
438,45.047898,-124.909592,0
206,45.093407,-125.056554,0
382,45.071032,-125.037585,0
468,45.076627,-125.105546,0
448,45.033033,-125.114911,0
488,45.029519,-125.031228,0
478,45.005163,-125.016712,0
372,45.086716,-125.003480,0
484,45.044706,-124.952469,0
356,45.045442,-124.992608,0
384,45.080951,-125.014277,0
348,45.085485,-124.976351,0
451,44.997607,-125.080775,0
433,45.066016,-125.038576,0
101,45.078741,-125.041547,0
491,45.047466,-124.983722,0
327,45.016733,-125.063084,0
319,45.065753,-125.106550,0
373,45.031221,-125.078953,0
265,45.016094,-125.093170,0
369,45.016123,-124.989049,0
307,45.046872,-124.917592,0
353,45.056928,-124.962633,0
359,45.079463,-124.980931,0
437,45.011431,-124.960211,0
383,45.014558,-125.079974,0
473,45.036346,-124.978680,0
399,45.065855,-125.029620,0
459,45.067463,-125.015501,0
415,45.081831,-124.929277,0
303,45.069413,-124.910773,0
449,45.058965,-124.963906,0
497,45.071637,-125.107662,0
291,45.012255,-125.094884,0
10,44.996144,-124.996235,2
18,44.998818,-124.997497,2
49,45.001416,-125.001413,2
16,45.006091,-125.001121,2
6,44.994825,-124.997915,2
49,45.001416,-125.001413,2
9,45.002932,-124.998267,2
40,44.997384,-125.004175,2
394,44.999850,-124.999083,2
16,45.006091,-125.001121,2
54,44.997019,-124.999815,2
40,44.997384,-125.004175,2
41,44.997063,-125.004064,2
10,44.996144,-124.996235,2
58,44.995288,-124.993861,2
52,44.996773,-125.000054,2
14,45.006043,-124.994942,2
53,45.002019,-125.006401,2
5,45.001720,-124.996002,2
50,44.998832,-125.003562,2
50,44.998832,-125.003562,2
60,45.004289,-124.999529,2
41,44.997063,-125.004064,2
47,44.995848,-124.996461,2
394,44.999850,-124.999083,2
35,45.002045,-125.001399,2
55,44.998151,-124.997772,2
14,45.006043,-124.994942,2
14,45.006043,-124.994942,2
24,44.998831,-125.004061,2
21,44.997873,-125.001018,2
58,44.995288,-124.993861,2
55,44.998151,-124.997772,2
10,44.996144,-124.996235,2
5,45.001720,-124.996002,2
52,44.996773,-125.000054,2
10,44.996144,-124.996235,2
54,44.997019,-124.999815,2
12,44.992711,-124.991669,2
50,44.998832,-125.003562,2
492,44.996030,-124.990484,2
20,45.008314,-124.999510,2
18,44.998818,-124.997497,2
11,44.998001,-125.005237,2
6,44.994825,-124.997915,2
29,45.003572,-124.997448,2
41,44.997063,-125.004064,2
29,45.003572,-124.997448,2
29,45.003572,-124.997448,2
58,44.995288,-124.993861,2
1,45.003815,-124.997197,2
42,44.999157,-125.002818,2
1,45.003815,-124.997197,2
25,45.003579,-125.001206,2
49,45.001416,-125.001413,2
32,45.005288,-124.998806,2
56,44.999148,-124.999382,2
43,45.009421,-125.001598,2
28,45.005472,-125.001671,2
9,45.002932,-124.998267,2
17,45.006547,-124.995996,2
35,45.002045,-125.001399,2
52,44.996773,-125.000054,2
37,45.003211,-124.994863,2
52,44.996773,-125.000054,2
49,45.001416,-125.001413,2
9,45.002932,-124.998267,2
54,44.997019,-124.999815,2
32,45.005288,-124.998806,2
60,45.004289,-124.999529,2
35,45.002045,-125.001399,2
51,45.010467,-125.003727,2
24,44.998831,-125.004061,2
9,45.002932,-124.998267,2
21,44.997873,-125.001018,2
60,45.004289,-124.999529,2
41,44.997063,-125.004064,2
10,44.996144,-124.996235,2
6,44.994825,-124.997915,2
48,44.995505,-124.996119,2
20,45.008314,-124.999510,2
40,44.997384,-125.004175,2
58,44.995288,-124.993861,2
47,44.995848,-124.996461,2
16,45.006091,-125.001121,2
52,44.996773,-125.000054,2
50,44.998832,-125.003562,2
5,45.001720,-124.996002,2
18,44.998818,-124.997497,2
47,44.995848,-124.996461,2
54,44.997019,-124.999815,2
1,45.003815,-124.997197,2
13,45.008784,-124.996423,2
52,44.996773,-125.000054,2
11,44.998001,-125.005237,2
52,44.996773,-125.000054,2
25,45.003579,-125.001206,2
49,45.001416,-125.001413,2
56,44.999148,-124.999382,2
20,45.008314,-124.999510,2
42,44.999157,-125.002818,2
55,44.998151,-124.997772,2
14,45.006043,-124.994942,2
394,44.999850,-124.999083,2
1,45.003815,-124.997197,2
2,45.001657,-125.003763,2
37,45.003211,-124.994863,2
25,45.003579,-125.001206,2
24,44.998831,-125.004061,2
17,45.006547,-124.995996,2
42,44.999157,-125.002818,2
54,44.997019,-124.999815,2
41,44.997063,-125.004064,2
10,44.996144,-124.996235,2
17,45.006547,-124.995996,2
52,44.996773,-125.000054,2
41,44.997063,-125.004064,2
46,45.000348,-125.001556,2
35,45.002045,-125.001399,2
46,45.000348,-125.001556,2
37,45.003211,-124.994863,2
20,45.008314,-124.999510,2
37,45.003211,-124.994863,2
40,44.997384,-125.004175,2
48,44.995505,-124.996119,2
39,44.999323,-125.004129,2
6,44.994825,-124.997915,2
39,44.999323,-125.004129,2
31,44.993656,-125.001556,2
60,45.004289,-124.999529,2
20,45.008314,-124.999510,2
49,45.001416,-125.001413,2
46,45.000348,-125.001556,2
6,44.994825,-124.997915,2
394,44.999850,-124.999083,2
39,44.999323,-125.004129,2
1,45.003815,-124.997197,2
32,45.005288,-124.998806,2
25,45.003579,-125.001206,2
49,45.001416,-125.001413,2
52,44.996773,-125.000054,2
39,44.999323,-125.004129,2
24,44.998831,-125.004061,2
9,45.002932,-124.998267,2
17,45.006547,-124.995996,2
58,44.995288,-124.993861,2
46,45.000348,-125.001556,2
56,44.999148,-124.999382,2
3,45.008660,-125.002287,2
21,44.997873,-125.001018,2
18,44.998818,-124.997497,2
1,45.003815,-124.997197,2
24,44.998831,-125.004061,2
47,44.995848,-124.996461,2
28,45.005472,-125.001671,2
29,45.003572,-124.997448,2
50,44.998832,-125.003562,2
32,45.005288,-124.998806,2
35,45.002045,-125.001399,2
49,45.001416,-125.001413,2
24,44.998831,-125.004061,2
16,45.006091,-125.001121,2
394,44.999850,-124.999083,2
18,44.998818,-124.997497,2
28,45.005472,-125.001671,2
28,45.005472,-125.001671,2
46,45.000348,-125.001556,2
54,44.997019,-124.999815,2
54,44.997019,-124.999815,2
56,44.999148,-124.999382,2
20,45.008314,-124.999510,2
52,44.996773,-125.000054,2
59,44.996674,-124.995787,2
20,45.008314,-124.999510,2
11,44.998001,-125.005237,2
1,45.003815,-124.997197,2
17,45.006547,-124.995996,2
52,44.996773,-125.000054,2
58,44.995288,-124.993861,2
55,44.998151,-124.997772,2
39,44.999323,-125.004129,2
17,45.006547,-124.995996,2
47,44.995848,-124.996461,2
46,45.000348,-125.001556,2
55,44.998151,-124.997772,2
42,44.999157,-125.002818,2
16,45.006091,-125.001121,2
42,44.999157,-125.002818,2
55,44.998151,-124.997772,2
58,44.995288,-124.993861,2
60,45.004289,-124.999529,2
21,44.997873,-125.001018,2
49,45.001416,-125.001413,2
8,44.995564,-124.991939,2
42,44.999157,-125.002818,2
36,44.994378,-125.002188,2
59,44.996674,-124.995787,2
21,44.997873,-125.001018,2
40,44.997384,-125.004175,2
2,45.001657,-125.003763,2
25,45.003579,-125.001206,2
35,45.002045,-125.001399,2
48,44.995505,-124.996119,2
55,44.998151,-124.997772,2
19,45.002367,-124.993193,2
24,44.998831,-125.004061,2
24,44.998831,-125.004061,2
54,44.997019,-124.999815,2
56,44.999148,-124.999382,2
47,44.995848,-124.996461,2
11,44.998001,-125.005237,2
52,44.996773,-125.000054,2
40,44.997384,-125.004175,2
18,44.998818,-124.997497,2
54,44.997019,-124.999815,2
9,45.002932,-124.998267,2
28,45.005472,-125.001671,2
47,44.995848,-124.996461,2
21,44.997873,-125.001018,2
28,45.005472,-125.001671,2
10,44.996144,-124.996235,2
52,44.996773,-125.000054,2
29,45.003572,-124.997448,2
18,44.998818,-124.997497,2
40,44.997384,-125.004175,2
2,45.001657,-125.003763,2
32,45.005288,-124.998806,2
42,44.999157,-125.002818,2
35,45.002045,-125.001399,2
37,45.003211,-124.994863,2
39,44.999323,-125.004129,2
18,44.998818,-124.997497,2
9,45.002932,-124.998267,2
5,45.001720,-124.996002,2
1,45.003815,-124.997197,2
41,44.997063,-125.004064,2
60,45.004289,-124.999529,2
42,44.999157,-125.002818,2
60,45.004289,-124.999529,2
21,44.997873,-125.001018,2
35,45.002045,-125.001399,2
56,44.999148,-124.999382,2
14,45.006043,-124.994942,2
32,45.005288,-124.998806,2
17,45.006547,-124.995996,2
46,45.000348,-125.001556,2
29,45.003572,-124.997448,2
2,45.001657,-125.003763,2
46,45.000348,-125.001556,2
54,44.997019,-124.999815,2
9,45.002932,-124.998267,2
29,45.003572,-124.997448,2
56,44.999148,-124.999382,2
47,44.995848,-124.996461,2
47,44.995848,-124.996461,2
20,45.008314,-124.999510,2
48,44.995505,-124.996119,2
40,44.997384,-125.004175,2
22,44.996104,-125.007309,2
54,44.997019,-124.999815,2
5,45.001720,-124.996002,2
59,44.996674,-124.995787,2
32,45.005288,-124.998806,2
59,44.996674,-124.995787,2
29,45.003572,-124.997448,2
60,45.004289,-124.999529,2
25,45.003579,-125.001206,2
46,45.000348,-125.001556,2
55,44.998151,-124.997772,2
21,44.997873,-125.001018,2
2,45.001657,-125.003763,2
394,44.999850,-124.999083,2
21,44.997873,-125.001018,2
57,45.005538,-124.993410,2
32,45.005288,-124.998806,2
50,44.998832,-125.003562,2
21,44.997873,-125.001018,2
2,45.001657,-125.003763,2
50,44.998832,-125.003562,2
59,44.996674,-124.995787,2
35,45.002045,-125.001399,2
49,45.001416,-125.001413,2
50,44.998832,-125.003562,2
29,45.003572,-124.997448,2
16,45.006091,-125.001121,2
10,44.996144,-124.996235,2
24,44.998831,-125.004061,2
39,44.999323,-125.004129,2
9,45.002932,-124.998267,2
50,44.998832,-125.003562,2
9,45.002932,-124.998267,2
39,44.999323,-125.004129,2
40,44.997384,-125.004175,2
49,45.001416,-125.001413,2
45,45.004096,-125.006486,2
54,44.997019,-124.999815,2
29,45.003572,-124.997448,2
24,44.998831,-125.004061,2
46,45.000348,-125.001556,2
54,44.997019,-124.999815,2
24,44.998831,-125.004061,2
42,44.999157,-125.002818,2
54,44.997019,-124.999815,2
394,44.999850,-124.999083,2
9,45.002932,-124.998267,2
48,44.995505,-124.996119,2
11,44.998001,-125.005237,2
59,44.996674,-124.995787,2
40,44.997384,-125.004175,2
29,45.003572,-124.997448,2
5,45.001720,-124.996002,2
59,44.996674,-124.995787,2
18,44.998818,-124.997497,2
48,44.995505,-124.996119,2
7,45.006084,-124.993486,2
55,44.998151,-124.997772,2
1,45.003815,-124.997197,2
42,44.999157,-125.002818,2
9,45.002932,-124.998267,2
56,44.999148,-124.999382,2
394,44.999850,-124.999083,2
2,45.001657,-125.003763,2
1,45.003815,-124.997197,2
18,44.998818,-124.997497,2
5,45.001720,-124.996002,2
11,44.998001,-125.005237,2
29,45.003572,-124.997448,2
2,45.001657,-125.003763,2
1,45.003815,-124.997197,2
56,44.999148,-124.999382,2
46,45.000348,-125.001556,2
48,44.995505,-124.996119,2
58,44.995288,-124.993861,2
40,44.997384,-125.004175,2
9,45.002932,-124.998267,2
48,44.995505,-124.996119,2
49,45.001416,-125.001413,2
6,44.994825,-124.997915,2
39,44.999323,-125.004129,2
49,45.001416,-125.001413,2
32,45.005288,-124.998806,2
37,45.003211,-124.994863,2
24,44.998831,-125.004061,2
11,44.998001,-125.005237,2
59,44.996674,-124.995787,2
14,45.006043,-124.994942,2
41,44.997063,-125.004064,2
29,45.003572,-124.997448,2
10,44.996144,-124.996235,2
56,44.999148,-124.999382,2
1,45.003815,-124.997197,2
10,44.996144,-124.996235,2
52,44.996773,-125.000054,2
14,45.006043,-124.994942,2
47,44.995848,-124.996461,2
59,44.996674,-124.995787,2
56,44.999148,-124.999382,2
52,44.996773,-125.000054,2
50,44.998832,-125.003562,2
394,44.999850,-124.999083,2
54,44.997019,-124.999815,2
39,44.999323,-125.004129,2
16,45.006091,-125.001121,2
41,44.997063,-125.004064,2
32,45.005288,-124.998806,2
35,45.002045,-125.001399,2
50,44.998832,-125.003562,2
42,44.999157,-125.002818,2
6,44.994825,-124.997915,2
6,44.994825,-124.997915,2
10,44.996144,-124.996235,2
41,44.997063,-125.004064,2
37,45.003211,-124.994863,2
29,45.003572,-124.997448,2
11,44.998001,-125.005237,2
48,44.995505,-124.996119,2
56,44.999148,-124.999382,2
52,44.996773,-125.000054,2
39,44.999323,-125.004129,2
37,45.003211,-124.994863,2
394,44.999850,-124.999083,2
2,45.001657,-125.003763,2
56,44.999148,-124.999382,2
52,44.996773,-125.000054,2
21,44.997873,-125.001018,2
2,45.001657,-125.003763,2
48,44.995505,-124.996119,2
29,45.003572,-124.997448,2
55,44.998151,-124.997772,2
9,45.002932,-124.998267,2
25,45.003579,-125.001206,2
42,44.999157,-125.002818,2
42,44.999157,-125.002818,2
35,45.002045,-125.001399,2
52,44.996773,-125.000054,2
60,45.004289,-124.999529,2
18,44.998818,-124.997497,2
17,45.006547,-124.995996,2
42,44.999157,-125.002818,2
1,45.003815,-124.997197,2
29,45.003572,-124.997448,2
20,45.008314,-124.999510,2
59,44.996674,-124.995787,2
25,45.003579,-125.001206,2
56,44.999148,-124.999382,2
5,45.001720,-124.996002,2
55,44.998151,-124.997772,2
6,44.994825,-124.997915,2
49,45.001416,-125.001413,2
24,44.998831,-125.004061,2
48,44.995505,-124.996119,2
56,44.999148,-124.999382,2
37,45.003211,-124.994863,2
50,44.998832,-125.003562,2
60,45.004289,-124.999529,2
1,45.003815,-124.997197,2
55,44.998151,-124.997772,2
21,44.997873,-125.001018,2
28,45.005472,-125.001671,2
21,44.997873,-125.001018,2
39,44.999323,-125.004129,2
25,45.003579,-125.001206,2
5,45.001720,-124.996002,2
394,44.999850,-124.999083,2
1,45.003815,-124.997197,2
40,44.997384,-125.004175,2
5,45.001720,-124.996002,2
10,44.996144,-124.996235,2
58,44.995288,-124.993861,2
58,44.995288,-124.993861,2
394,44.999850,-124.999083,2
6,44.994825,-124.997915,2
60,45.004289,-124.999529,2
14,45.006043,-124.994942,2
1,45.003815,-124.997197,2
49,45.001416,-125.001413,2
46,45.000348,-125.001556,2
18,44.998818,-124.997497,2
1,45.003815,-124.997197,2
394,44.999850,-124.999083,2
41,44.997063,-125.004064,2
39,44.999323,-125.004129,2
40,44.997384,-125.004175,2
18,44.998818,-124.997497,2
55,44.998151,-124.997772,2
21,44.997873,-125.001018,2
25,45.003579,-125.001206,2
21,44.997873,-125.001018,2
16,45.006091,-125.001121,2
11,44.998001,-125.005237,2
54,44.997019,-124.999815,2
16,45.006091,-125.001121,2
35,45.002045,-125.001399,2
50,44.998832,-125.003562,2
6,44.994825,-124.997915,2
54,44.997019,-124.999815,2
24,44.998831,-125.004061,2
25,45.003579,-125.001206,2
17,45.006547,-124.995996,2
42,44.999157,-125.002818,2
59,44.996674,-124.995787,2
11,44.998001,-125.005237,2
14,45.006043,-124.994942,2
52,44.996773,-125.000054,2
54,44.997019,-124.999815,2
394,44.999850,-124.999083,2
39,44.999323,-125.004129,2
52,44.996773,-125.000054,2
6,44.994825,-124.997915,2
2,45.001657,-125.003763,2
28,45.005472,-125.001671,2
59,44.996674,-124.995787,2
29,45.003572,-124.997448,2
50,44.998832,-125.003562,2
2,45.001657,-125.003763,2
9,45.002932,-124.998267,2
54,44.997019,-124.999815,2
46,45.000348,-125.001556,2
56,44.999148,-124.999382,2
32,45.005288,-124.998806,2
42,44.999157,-125.002818,2
60,45.004289,-124.999529,2
39,44.999323,-125.004129,2
49,45.001416,-125.001413,2
46,45.000348,-125.001556,2
35,45.002045,-125.001399,2
42,44.999157,-125.002818,2
32,45.005288,-124.998806,2
30,45.010917,-125.001130,2
17,45.006547,-124.995996,2
37,45.003211,-124.994863,2
16,45.006091,-125.001121,2
14,45.006043,-124.994942,2
20,45.008314,-124.999510,2
41,44.997063,-125.004064,2
28,45.005472,-125.001671,2
44,44.992097,-124.996049,2
2,45.001657,-125.003763,2
60,45.004289,-124.999529,2
46,45.000348,-125.001556,2
50,44.998832,-125.003562,2
50,44.998832,-125.003562,2
21,44.997873,-125.001018,2
46,45.000348,-125.001556,2
247,45.023624,-125.113309,0
63,45.077989,-125.043445,0
89,45.075460,-125.036778,0
341,45.050299,-125.052313,0
495,45.035444,-124.977308,0
255,45.019004,-125.103761,3
255,45.019004,-125.103761,3
263,45.023022,-125.103055,3
251,45.024738,-125.099065,3
258,45.021468,-125.104635,3
279,45.016518,-125.111591,3
257,45.018310,-125.107722,3
286,45.023571,-125.105525,3
273,45.019414,-125.107402,3
282,45.020370,-125.101571,3
250,45.014630,-125.104052,3
258,45.021468,-125.104635,3
295,45.024144,-125.102412,3
263,45.023022,-125.103055,3
295,45.024144,-125.102412,3
255,45.019004,-125.103761,3
294,45.020346,-125.097102,3
283,45.023901,-125.101339,3
284,45.020176,-125.105003,3
274,45.024613,-125.101023,3
281,45.024466,-125.094726,3
361,45.016987,-125.109630,3
392,45.025273,-125.101873,3
274,45.024613,-125.101023,3
260,45.014033,-125.104212,3
292,45.022006,-125.100262,3
261,45.019620,-125.102119,3
257,45.018310,-125.107722,3
300,45.024231,-125.094159,3
295,45.024144,-125.102412,3
285,45.022513,-125.101434,3
251,45.024738,-125.099065,3
275,45.022001,-125.100918,3
297,45.016967,-125.107389,3
250,45.014630,-125.104052,3
282,45.020370,-125.101571,3
392,45.025273,-125.101873,3
283,45.023901,-125.101339,3
261,45.019620,-125.102119,3
258,45.021468,-125.104635,3
297,45.016967,-125.107389,3
253,45.026416,-125.097912,3
286,45.023571,-125.105525,3
242,45.025425,-125.096351,3
269,45.019997,-125.099968,3
392,45.025273,-125.101873,3
298,45.023278,-125.094862,3
275,45.022001,-125.100918,3
243,45.025593,-125.103985,3
250,45.014630,-125.104052,3
251,45.024738,-125.099065,3
277,45.017711,-125.107311,3
300,45.024231,-125.094159,3
361,45.016987,-125.109630,3
299,45.023972,-125.104410,3
257,45.018310,-125.107722,3
292,45.022006,-125.100262,3
250,45.014630,-125.104052,3
251,45.024738,-125.099065,3
274,45.024613,-125.101023,3
258,45.021468,-125.104635,3
248,45.014622,-125.106199,3
275,45.022001,-125.100918,3
279,45.016518,-125.111591,3
242,45.025425,-125.096351,3
255,45.019004,-125.103761,3
269,45.019997,-125.099968,3
261,45.019620,-125.102119,3
300,45.024231,-125.094159,3
274,45.024613,-125.101023,3
255,45.019004,-125.103761,3
268,45.023860,-125.101867,3
275,45.022001,-125.100918,3
277,45.017711,-125.107311,3
282,45.020370,-125.101571,3
248,45.014622,-125.106199,3
275,45.022001,-125.100918,3
293,45.021350,-125.095876,3
258,45.021468,-125.104635,3
273,45.019414,-125.107402,3
283,45.023901,-125.101339,3
256,45.019122,-125.102697,3
253,45.026416,-125.097912,3
258,45.021468,-125.104635,3
268,45.023860,-125.101867,3
263,45.023022,-125.103055,3
258,45.021468,-125.104635,3
275,45.022001,-125.100918,3
274,45.024613,-125.101023,3
246,45.019602,-125.100086,3
300,45.024231,-125.094159,3
263,45.023022,-125.103055,3
284,45.020176,-125.105003,3
299,45.023972,-125.104410,3
294,45.020346,-125.097102,3
294,45.020346,-125.097102,3
285,45.022513,-125.101434,3
259,45.018490,-125.097968,3
244,45.011706,-125.107523,3
273,45.019414,-125.107402,3
279,45.016518,-125.111591,3
274,45.024613,-125.101023,3
248,45.014622,-125.106199,3
246,45.019602,-125.100086,3
269,45.019997,-125.099968,3
290,45.026776,-125.098799,3
242,45.025425,-125.096351,3
289,45.024921,-125.096055,3
284,45.020176,-125.105003,3
297,45.016967,-125.107389,3
251,45.024738,-125.099065,3
257,45.018310,-125.107722,3
288,45.022820,-125.094172,3
285,45.022513,-125.101434,3
282,45.020370,-125.101571,3
261,45.019620,-125.102119,3
285,45.022513,-125.101434,3
257,45.018310,-125.107722,3
264,45.029483,-125.095211,3
268,45.023860,-125.101867,3
246,45.019602,-125.100086,3
253,45.026416,-125.097912,3
284,45.020176,-125.105003,3
261,45.019620,-125.102119,3
258,45.021468,-125.104635,3
392,45.025273,-125.101873,3
288,45.022820,-125.094172,3
260,45.014033,-125.104212,3
285,45.022513,-125.101434,3
277,45.017711,-125.107311,3
256,45.019122,-125.102697,3
290,45.026776,-125.098799,3
294,45.020346,-125.097102,3
251,45.024738,-125.099065,3
290,45.026776,-125.098799,3
283,45.023901,-125.101339,3
281,45.024466,-125.094726,3
298,45.023278,-125.094862,3
263,45.023022,-125.103055,3
259,45.018490,-125.097968,3
246,45.019602,-125.100086,3
293,45.021350,-125.095876,3
392,45.025273,-125.101873,3
290,45.026776,-125.098799,3
292,45.022006,-125.100262,3
282,45.020370,-125.101571,3
246,45.019602,-125.100086,3
284,45.020176,-125.105003,3
260,45.014033,-125.104212,3
257,45.018310,-125.107722,3
285,45.022513,-125.101434,3
268,45.023860,-125.101867,3
292,45.022006,-125.100262,3
284,45.020176,-125.105003,3
263,45.023022,-125.103055,3
285,45.022513,-125.101434,3
268,45.023860,-125.101867,3
299,45.023972,-125.104410,3
288,45.022820,-125.094172,3
300,45.024231,-125.094159,3
285,45.022513,-125.101434,3
269,45.019997,-125.099968,3
261,45.019620,-125.102119,3
283,45.023901,-125.101339,3
292,45.022006,-125.100262,3
392,45.025273,-125.101873,3
253,45.026416,-125.097912,3
251,45.024738,-125.099065,3
251,45.024738,-125.099065,3
292,45.022006,-125.100262,3
298,45.023278,-125.094862,3
253,45.026416,-125.097912,3
298,45.023278,-125.094862,3
269,45.019997,-125.099968,3
361,45.016987,-125.109630,3
268,45.023860,-125.101867,3
279,45.016518,-125.111591,3
300,45.024231,-125.094159,3
287,45.018932,-125.091876,3
258,45.021468,-125.104635,3
256,45.019122,-125.102697,3
295,45.024144,-125.102412,3
285,45.022513,-125.101434,3
277,45.017711,-125.107311,3
251,45.024738,-125.099065,3
282,45.020370,-125.101571,3
290,45.026776,-125.098799,3
288,45.022820,-125.094172,3
251,45.024738,-125.099065,3
289,45.024921,-125.096055,3
297,45.016967,-125.107389,3
299,45.023972,-125.104410,3
268,45.023860,-125.101867,3
268,45.023860,-125.101867,3
242,45.025425,-125.096351,3
258,45.021468,-125.104635,3
274,45.024613,-125.101023,3
288,45.022820,-125.094172,3
256,45.019122,-125.102697,3
361,45.016987,-125.109630,3
268,45.023860,-125.101867,3
294,45.020346,-125.097102,3
255,45.019004,-125.103761,3
257,45.018310,-125.107722,3
392,45.025273,-125.101873,3
243,45.025593,-125.103985,3
242,45.025425,-125.096351,3
241,45.010919,-125.107153,3
285,45.022513,-125.101434,3
275,45.022001,-125.100918,3
246,45.019602,-125.100086,3
253,45.026416,-125.097912,3
275,45.022001,-125.100918,3
253,45.026416,-125.097912,3
256,45.019122,-125.102697,3
248,45.014622,-125.106199,3
283,45.023901,-125.101339,3
259,45.018490,-125.097968,3
269,45.019997,-125.099968,3
285,45.022513,-125.101434,3
250,45.014630,-125.104052,3
285,45.022513,-125.101434,3
295,45.024144,-125.102412,3
275,45.022001,-125.100918,3
246,45.019602,-125.100086,3
246,45.019602,-125.100086,3
250,45.014630,-125.104052,3
284,45.020176,-125.105003,3
259,45.018490,-125.097968,3
286,45.023571,-125.105525,3
284,45.020176,-125.105003,3
279,45.016518,-125.111591,3
261,45.019620,-125.102119,3
299,45.023972,-125.104410,3
299,45.023972,-125.104410,3
284,45.020176,-125.105003,3
298,45.023278,-125.094862,3
279,45.016518,-125.111591,3
251,45.024738,-125.099065,3
250,45.014630,-125.104052,3
293,45.021350,-125.095876,3
255,45.019004,-125.103761,3
295,45.024144,-125.102412,3
269,45.019997,-125.099968,3
257,45.018310,-125.107722,3
256,45.019122,-125.102697,3
260,45.014033,-125.104212,3
256,45.019122,-125.102697,3
284,45.020176,-125.105003,3
288,45.022820,-125.094172,3
243,45.025593,-125.103985,3
246,45.019602,-125.100086,3
282,45.020370,-125.101571,3
293,45.021350,-125.095876,3
292,45.022006,-125.100262,3
243,45.025593,-125.103985,3
283,45.023901,-125.101339,3
273,45.019414,-125.107402,3
258,45.021468,-125.104635,3
285,45.022513,-125.101434,3
293,45.021350,-125.095876,3
273,45.019414,-125.107402,3
249,45.023108,-125.107017,3
293,45.021350,-125.095876,3
290,45.026776,-125.098799,3
290,45.026776,-125.098799,3
263,45.023022,-125.103055,3
243,45.025593,-125.103985,3
286,45.023571,-125.105525,3
290,45.026776,-125.098799,3
277,45.017711,-125.107311,3
297,45.016967,-125.107389,3
269,45.019997,-125.099968,3
281,45.024466,-125.094726,3
294,45.020346,-125.097102,3
282,45.020370,-125.101571,3
259,45.018490,-125.097968,3
263,45.023022,-125.103055,3
255,45.019004,-125.103761,3
276,45.023643,-125.089956,3
251,45.024738,-125.099065,3
281,45.024466,-125.094726,3
275,45.022001,-125.100918,3
295,45.024144,-125.102412,3
266,45.010991,-125.101120,3
299,45.023972,-125.104410,3
290,45.026776,-125.098799,3
285,45.022513,-125.101434,3
285,45.022513,-125.101434,3
277,45.017711,-125.107311,3
294,45.020346,-125.097102,3
289,45.024921,-125.096055,3
275,45.022001,-125.100918,3
251,45.024738,-125.099065,3
267,45.017837,-125.115388,3
283,45.023901,-125.101339,3
243,45.025593,-125.103985,3
274,45.024613,-125.101023,3
275,45.022001,-125.100918,3
289,45.024921,-125.096055,3
243,45.025593,-125.103985,3
300,45.024231,-125.094159,3
361,45.016987,-125.109630,3
253,45.026416,-125.097912,3
286,45.023571,-125.105525,3
254,45.024888,-125.108694,3
295,45.024144,-125.102412,3
300,45.024231,-125.094159,3
257,45.018310,-125.107722,3
271,45.013371,-125.102155,3
263,45.023022,-125.103055,3
263,45.023022,-125.103055,3
242,45.025425,-125.096351,3
292,45.022006,-125.100262,3
281,45.024466,-125.094726,3
260,45.014033,-125.104212,3
260,45.014033,-125.104212,3
253,45.026416,-125.097912,3
242,45.025425,-125.096351,3
261,45.019620,-125.102119,3
292,45.022006,-125.100262,3
294,45.020346,-125.097102,3
361,45.016987,-125.109630,3
246,45.019602,-125.100086,3
250,45.014630,-125.104052,3
292,45.022006,-125.100262,3
269,45.019997,-125.099968,3
275,45.022001,-125.100918,3
292,45.022006,-125.100262,3
246,45.019602,-125.100086,3
286,45.023571,-125.105525,3
299,45.023972,-125.104410,3
392,45.025273,-125.101873,3
285,45.022513,-125.101434,3
299,45.023972,-125.104410,3
284,45.020176,-125.105003,3
292,45.022006,-125.100262,3
295,45.024144,-125.102412,3
275,45.022001,-125.100918,3
361,45.016987,-125.109630,3
289,45.024921,-125.096055,3
293,45.021350,-125.095876,3
263,45.023022,-125.103055,3
256,45.019122,-125.102697,3
284,45.020176,-125.105003,3
361,45.016987,-125.109630,3
292,45.022006,-125.100262,3
292,45.022006,-125.100262,3
299,45.023972,-125.104410,3
259,45.018490,-125.097968,3
243,45.025593,-125.103985,3
260,45.014033,-125.104212,3
277,45.017711,-125.107311,3
274,45.024613,-125.101023,3
274,45.024613,-125.101023,3
298,45.023278,-125.094862,3
293,45.021350,-125.095876,3
285,45.022513,-125.101434,3
268,45.023860,-125.101867,3
292,45.022006,-125.100262,3
282,45.020370,-125.101571,3
392,45.025273,-125.101873,3
270,45.028553,-125.104456,3
253,45.026416,-125.097912,3
273,45.019414,-125.107402,3
243,45.025593,-125.103985,3
283,45.023901,-125.101339,3
297,45.016967,-125.107389,3
392,45.025273,-125.101873,3
255,45.019004,-125.103761,3
281,45.024466,-125.094726,3
259,45.018490,-125.097968,3
260,45.014033,-125.104212,3
289,45.024921,-125.096055,3
298,45.023278,-125.094862,3
258,45.021468,-125.104635,3
255,45.019004,-125.103761,3
297,45.016967,-125.107389,3
261,45.019620,-125.102119,3
283,45.023901,-125.101339,3
284,45.020176,-125.105003,3
248,45.014622,-125.106199,3
286,45.023571,-125.105525,3
261,45.019620,-125.102119,3
283,45.023901,-125.101339,3
292,45.022006,-125.100262,3
279,45.016518,-125.111591,3
263,45.023022,-125.103055,3
285,45.022513,-125.101434,3
293,45.021350,-125.095876,3
243,45.025593,-125.103985,3
269,45.019997,-125.099968,3
275,45.022001,-125.100918,3
258,45.021468,-125.104635,3
263,45.023022,-125.103055,3
246,45.019602,-125.100086,3
289,45.024921,-125.096055,3
299,45.023972,-125.104410,3
269,45.019997,-125.099968,3
273,45.019414,-125.107402,3
261,45.019620,-125.102119,3
286,45.023571,-125.105525,3
251,45.024738,-125.099065,3
269,45.019997,-125.099968,3
292,45.022006,-125.100262,3
286,45.023571,-125.105525,3
298,45.023278,-125.094862,3
283,45.023901,-125.101339,3
294,45.020346,-125.097102,3
277,45.017711,-125.107311,3
250,45.014630,-125.104052,3
275,45.022001,-125.100918,3
258,45.021468,-125.104635,3
288,45.022820,-125.094172,3
295,45.024144,-125.102412,3
242,45.025425,-125.096351,3
295,45.024144,-125.102412,3
255,45.019004,-125.103761,3
374,45.015819,-125.100182,3
260,45.014033,-125.104212,3
290,45.026776,-125.098799,3
392,45.025273,-125.101873,3
253,45.026416,-125.097912,3
257,45.018310,-125.107722,3
263,45.023022,-125.103055,3
268,45.023860,-125.101867,3
268,45.023860,-125.101867,3
286,45.023571,-125.105525,3
273,45.019414,-125.107402,3
263,45.023022,-125.103055,3
258,45.021468,-125.104635,3
269,45.019997,-125.099968,3
285,45.022513,-125.101434,3
295,45.024144,-125.102412,3
260,45.014033,-125.104212,3
282,45.020370,-125.101571,3
282,45.020370,-125.101571,3
251,45.024738,-125.099065,3
259,45.018490,-125.097968,3
261,45.019620,-125.102119,3
248,45.014622,-125.106199,3
299,45.023972,-125.104410,3
299,45.023972,-125.104410,3
268,45.023860,-125.101867,3
298,45.023278,-125.094862,3
253,45.026416,-125.097912,3
392,45.025273,-125.101873,3
273,45.019414,-125.107402,3
295,45.024144,-125.102412,3
282,45.020370,-125.101571,3
258,45.021468,-125.104635,3
263,45.023022,-125.103055,3
256,45.019122,-125.102697,3
294,45.020346,-125.097102,3
292,45.022006,-125.100262,3
290,45.026776,-125.098799,3
248,45.014622,-125.106199,3
243,45.025593,-125.103985,3
281,45.024466,-125.094726,3
275,45.022001,-125.100918,3
269,45.019997,-125.099968,3
282,45.020370,-125.101571,3
286,45.023571,-125.105525,3
256,45.019122,-125.102697,3
255,45.019004,-125.103761,3
293,45.021350,-125.095876,3
290,45.026776,-125.098799,3
274,45.024613,-125.101023,3
268,45.023860,-125.101867,3
297,45.016967,-125.107389,3
371,45.016953,-125.112808,3
277,45.017711,-125.107311,3
299,45.023972,-125.104410,3
298,45.023278,-125.094862,3
282,45.020370,-125.101571,3
258,45.021468,-125.104635,3
248,45.014622,-125.106199,3
259,45.018490,-125.097968,3
293,45.021350,-125.095876,3
255,45.019004,-125.103761,3
275,45.022001,-125.100918,3
260,45.014033,-125.104212,3
246,45.019602,-125.100086,3
242,45.025425,-125.096351,3
297,45.016967,-125.107389,3
274,45.024613,-125.101023,3
281,45.024466,-125.094726,3
279,45.016518,-125.111591,3
281,45.024466,-125.094726,3
274,45.024613,-125.101023,3
278,45.011595,-125.102961,3
258,45.021468,-125.104635,3
243,45.025593,-125.103985,3
253,45.026416,-125.097912,3
311,45.014720,-125.102583,3
268,45.023860,-125.101867,3
361,45.016987,-125.109630,3
274,45.024613,-125.101023,3
295,45.024144,-125.102412,3
288,45.022820,-125.094172,3
258,45.021468,-125.104635,3
292,45.022006,-125.100262,3
268,45.023860,-125.101867,3
295,45.024144,-125.102412,3
283,45.023901,-125.101339,3
263,45.023022,-125.103055,3
263,45.023022,-125.103055,3
283,45.023901,-125.101339,3
283,45.023901,-125.101339,3
281,45.024466,-125.094726,3
248,45.014622,-125.106199,3
297,45.016967,-125.107389,3
294,45.020346,-125.097102,3
289,45.024921,-125.096055,3
286,45.023571,-125.105525,3
285,45.022513,-125.101434,3
272,45.016940,-125.096383,3
288,45.022820,-125.094172,3
279,45.016518,-125.111591,3
277,45.017711,-125.107311,3
250,45.014630,-125.104052,3
275,45.022001,-125.100918,3
289,45.024921,-125.096055,3
417,45.015953,-125.112058,3
289,45.024921,-125.096055,3
251,45.024738,-125.099065,3
255,45.019004,-125.103761,3
300,45.024231,-125.094159,3
292,45.022006,-125.100262,3
248,45.014622,-125.106199,3
392,45.025273,-125.101873,3
283,45.023901,-125.101339,3
299,45.023972,-125.104410,3
274,45.024613,-125.101023,3
309,45.066773,-125.095707,0
103,45.060921,-125.048122,0
481,45.024080,-125.117356,0
203,45.077833,-125.072170,0
483,45.026441,-125.065458,0
447,45.033432,-125.041605,0
409,45.028206,-125.111879,0
217,45.087795,-125.054987,0
321,45.030270,-125.101821,0
367,45.036297,-124.988683,0
331,44.991254,-124.991666,0
403,45.054629,-125.040569,0
355,45.030230,-125.119198,0
395,45.079248,-125.024554,0
429,45.073148,-124.933668,0
333,45.087826,-125.107979,0
343,45.049493,-124.970490,0
347,45.012897,-125.078092,0
471,45.037464,-125.095784,0
411,45.052815,-125.041468,0
393,44.997065,-125.057397,0
489,45.039258,-125.077407,0
33,44.991843,-124.991727,0
23,44.990543,-124.995181,0
453,44.993977,-125.034078,0
425,45.008376,-125.014877,0
405,45.057690,-125.082992,0
431,45.010299,-124.935301,0
391,45.002319,-125.091772,0
363,45.071266,-125.103138,0
225,45.069465,-125.061552,0
475,45.086940,-125.046533,0
413,45.014040,-124.916891,0
455,45.061024,-125.050536,0
325,45.010735,-125.053370,0
465,45.066691,-124.938418,0
323,45.029798,-124.967007,0
407,45.086234,-124.948568,0
419,45.056654,-124.952847,0
387,45.080886,-125.110525,0
345,45.021299,-124.960404,0
477,45.072410,-124.922114,0
375,45.000519,-124.960985,0
427,44.992828,-125.049172,0
123,45.039604,-125.014985,4
161,45.043612,-125.009633,4
161,45.043612,-125.009633,4
136,45.041229,-125.012397,4
162,45.040694,-125.014354,4
161,45.043612,-125.009633,4
122,45.035513,-125.006669,4
179,45.039758,-125.007566,4
150,45.040184,-125.011989,4
178,45.036249,-125.009634,4
127,45.044755,-125.014534,4
154,45.044036,-125.011926,4
174,45.051104,-125.017420,4
155,45.047793,-125.011071,4
124,45.040162,-125.014927,4
154,45.044036,-125.011926,4
123,45.039604,-125.014985,4
162,45.040694,-125.014354,4
154,45.044036,-125.011926,4
172,45.043614,-125.010698,4
125,45.042256,-125.005639,4
153,45.042308,-125.012032,4
172,45.043614,-125.010698,4
153,45.042308,-125.012032,4
136,45.041229,-125.012397,4
157,45.038237,-125.014867,4
166,45.036503,-125.011109,4
134,45.039700,-125.007315,4
140,45.043231,-125.009140,4
131,45.036977,-125.013357,4
152,45.038948,-125.015821,4
137,45.044105,-125.008665,4
134,45.039700,-125.007315,4
162,45.040694,-125.014354,4
180,45.043731,-125.014482,4
163,45.046873,-125.012747,4
131,45.036977,-125.013357,4
177,45.044514,-125.006757,4
131,45.036977,-125.013357,4
177,45.044514,-125.006757,4
177,45.044514,-125.006757,4
173,45.033911,-125.009513,4
136,45.041229,-125.012397,4
179,45.039758,-125.007566,4
443,45.047236,-125.004547,4
125,45.042256,-125.005639,4
177,45.044514,-125.006757,4
157,45.038237,-125.014867,4
137,45.044105,-125.008665,4
159,45.035375,-125.011503,4
132,45.036401,-125.008648,4
169,45.041643,-125.016226,4
157,45.038237,-125.014867,4
126,45.037689,-125.010074,4
153,45.042308,-125.012032,4
123,45.039604,-125.014985,4
153,45.042308,-125.012032,4
136,45.041229,-125.012397,4
147,45.043395,-125.013986,4
163,45.046873,-125.012747,4
159,45.035375,-125.011503,4
136,45.041229,-125.012397,4
443,45.047236,-125.004547,4
148,45.049639,-125.014390,4
169,45.041643,-125.016226,4
167,45.035994,-125.009311,4
172,45.043614,-125.010698,4
159,45.035375,-125.011503,4
153,45.042308,-125.012032,4
170,45.043971,-125.006558,4
159,45.035375,-125.011503,4
166,45.036503,-125.011109,4
150,45.040184,-125.011989,4
126,45.037689,-125.010074,4
157,45.038237,-125.014867,4
143,45.048511,-125.015533,4
179,45.039758,-125.007566,4
155,45.047793,-125.011071,4
170,45.043971,-125.006558,4
130,45.033887,-125.006236,4
150,45.040184,-125.011989,4
173,45.033911,-125.009513,4
137,45.044105,-125.008665,4
160,45.039940,-125.011628,4
137,45.044105,-125.008665,4
170,45.043971,-125.006558,4
170,45.043971,-125.006558,4
156,45.041703,-125.005201,4
169,45.041643,-125.016226,4
159,45.035375,-125.011503,4
125,45.042256,-125.005639,4
170,45.043971,-125.006558,4
150,45.040184,-125.011989,4
154,45.044036,-125.011926,4
168,45.039706,-125.005868,4
163,45.046873,-125.012747,4
160,45.039940,-125.011628,4
144,45.044887,-125.013809,4
169,45.041643,-125.016226,4
169,45.041643,-125.016226,4
137,45.044105,-125.008665,4
166,45.036503,-125.011109,4
153,45.042308,-125.012032,4
167,45.035994,-125.009311,4
167,45.035994,-125.009311,4
147,45.043395,-125.013986,4
443,45.047236,-125.004547,4
164,45.032479,-125.007805,4
162,45.040694,-125.014354,4
125,45.042256,-125.005639,4
126,45.037689,-125.010074,4
173,45.033911,-125.009513,4
132,45.036401,-125.008648,4
136,45.041229,-125.012397,4
154,45.044036,-125.011926,4
127,45.044755,-125.014534,4
167,45.035994,-125.009311,4
123,45.039604,-125.014985,4
130,45.033887,-125.006236,4
123,45.039604,-125.014985,4
129,45.036775,-125.003788,4
178,45.036249,-125.009634,4
161,45.043612,-125.009633,4
124,45.040162,-125.014927,4
172,45.043614,-125.010698,4
148,45.049639,-125.014390,4
175,45.046356,-125.000327,4
172,45.043614,-125.010698,4
132,45.036401,-125.008648,4
124,45.040162,-125.014927,4
157,45.038237,-125.014867,4
122,45.035513,-125.006669,4
125,45.042256,-125.005639,4
140,45.043231,-125.009140,4
140,45.043231,-125.009140,4
125,45.042256,-125.005639,4
150,45.040184,-125.011989,4
152,45.038948,-125.015821,4
162,45.040694,-125.014354,4
136,45.041229,-125.012397,4
160,45.039940,-125.011628,4
154,45.044036,-125.011926,4
130,45.033887,-125.006236,4
163,45.046873,-125.012747,4
172,45.043614,-125.010698,4
163,45.046873,-125.012747,4
148,45.049639,-125.014390,4
161,45.043612,-125.009633,4
134,45.039700,-125.007315,4
129,45.036775,-125.003788,4
132,45.036401,-125.008648,4
153,45.042308,-125.012032,4
156,45.041703,-125.005201,4
130,45.033887,-125.006236,4
172,45.043614,-125.010698,4
160,45.039940,-125.011628,4
133,45.049719,-125.008328,4
154,45.044036,-125.011926,4
155,45.047793,-125.011071,4
161,45.043612,-125.009633,4
178,45.036249,-125.009634,4
122,45.035513,-125.006669,4
127,45.044755,-125.014534,4
130,45.033887,-125.006236,4
160,45.039940,-125.011628,4
159,45.035375,-125.011503,4
152,45.038948,-125.015821,4
122,45.035513,-125.006669,4
137,45.044105,-125.008665,4
163,45.046873,-125.012747,4
144,45.044887,-125.013809,4
167,45.035994,-125.009311,4
131,45.036977,-125.013357,4
159,45.035375,-125.011503,4
137,45.044105,-125.008665,4
124,45.040162,-125.014927,4
153,45.042308,-125.012032,4
177,45.044514,-125.006757,4
130,45.033887,-125.006236,4
168,45.039706,-125.005868,4
153,45.042308,-125.012032,4
163,45.046873,-125.012747,4
136,45.041229,-125.012397,4
137,45.044105,-125.008665,4
169,45.041643,-125.016226,4
172,45.043614,-125.010698,4
168,45.039706,-125.005868,4
165,45.039024,-125.007514,4
125,45.042256,-125.005639,4
166,45.036503,-125.011109,4
167,45.035994,-125.009311,4
155,45.047793,-125.011071,4
124,45.040162,-125.014927,4
173,45.033911,-125.009513,4
131,45.036977,-125.013357,4
162,45.040694,-125.014354,4
130,45.033887,-125.006236,4
140,45.043231,-125.009140,4
140,45.043231,-125.009140,4
150,45.040184,-125.011989,4
155,45.047793,-125.011071,4
153,45.042308,-125.012032,4
161,45.043612,-125.009633,4
140,45.043231,-125.009140,4
154,45.044036,-125.011926,4
165,45.039024,-125.007514,4
177,45.044514,-125.006757,4
148,45.049639,-125.014390,4
139,45.045763,-125.001804,4
173,45.033911,-125.009513,4
180,45.043731,-125.014482,4
173,45.033911,-125.009513,4
136,45.041229,-125.012397,4
165,45.039024,-125.007514,4
150,45.040184,-125.011989,4
126,45.037689,-125.010074,4
131,45.036977,-125.013357,4
167,45.035994,-125.009311,4
155,45.047793,-125.011071,4
136,45.041229,-125.012397,4
443,45.047236,-125.004547,4
173,45.033911,-125.009513,4
145,45.032720,-125.008300,4
129,45.036775,-125.003788,4
154,45.044036,-125.011926,4
179,45.039758,-125.007566,4
159,45.035375,-125.011503,4
157,45.038237,-125.014867,4
137,45.044105,-125.008665,4
132,45.036401,-125.008648,4
178,45.036249,-125.009634,4
180,45.043731,-125.014482,4
156,45.041703,-125.005201,4
136,45.041229,-125.012397,4
162,45.040694,-125.014354,4
124,45.040162,-125.014927,4
443,45.047236,-125.004547,4
129,45.036775,-125.003788,4
152,45.038948,-125.015821,4
157,45.038237,-125.014867,4
170,45.043971,-125.006558,4
165,45.039024,-125.007514,4
150,45.040184,-125.011989,4
155,45.047793,-125.011071,4
163,45.046873,-125.012747,4
153,45.042308,-125.012032,4
134,45.039700,-125.007315,4
132,45.036401,-125.008648,4
150,45.040184,-125.011989,4
142,45.038262,-125.002994,4
154,45.044036,-125.011926,4
178,45.036249,-125.009634,4
122,45.035513,-125.006669,4
171,45.045340,-125.001598,4
144,45.044887,-125.013809,4
122,45.035513,-125.006669,4
129,45.036775,-125.003788,4
126,45.037689,-125.010074,4
166,45.036503,-125.011109,4
160,45.039940,-125.011628,4
144,45.044887,-125.013809,4
156,45.041703,-125.005201,4
322,45.045647,-125.006276,4
154,45.044036,-125.011926,4
144,45.044887,-125.013809,4
140,45.043231,-125.009140,4
150,45.040184,-125.011989,4
152,45.038948,-125.015821,4
159,45.035375,-125.011503,4
173,45.033911,-125.009513,4
134,45.039700,-125.007315,4
150,45.040184,-125.011989,4
172,45.043614,-125.010698,4
148,45.049639,-125.014390,4
122,45.035513,-125.006669,4
122,45.035513,-125.006669,4
126,45.037689,-125.010074,4
146,45.048571,-125.010302,4
126,45.037689,-125.010074,4
170,45.043971,-125.006558,4
178,45.036249,-125.009634,4
322,45.045647,-125.006276,4
160,45.039940,-125.011628,4
134,45.039700,-125.007315,4
136,45.041229,-125.012397,4
140,45.043231,-125.009140,4
155,45.047793,-125.011071,4
157,45.038237,-125.014867,4
147,45.043395,-125.013986,4
157,45.038237,-125.014867,4
322,45.045647,-125.006276,4
180,45.043731,-125.014482,4
168,45.039706,-125.005868,4
132,45.036401,-125.008648,4
128,45.052280,-125.012784,4
165,45.039024,-125.007514,4
166,45.036503,-125.011109,4
140,45.043231,-125.009140,4
122,45.035513,-125.006669,4
161,45.043612,-125.009633,4
156,45.041703,-125.005201,4
178,45.036249,-125.009634,4
443,45.047236,-125.004547,4
122,45.035513,-125.006669,4
137,45.044105,-125.008665,4
169,45.041643,-125.016226,4
152,45.038948,-125.015821,4
161,45.043612,-125.009633,4
150,45.040184,-125.011989,4
152,45.038948,-125.015821,4
153,45.042308,-125.012032,4
147,45.043395,-125.013986,4
140,45.043231,-125.009140,4
169,45.041643,-125.016226,4
165,45.039024,-125.007514,4
144,45.044887,-125.013809,4
152,45.038948,-125.015821,4
131,45.036977,-125.013357,4
144,45.044887,-125.013809,4
121,45.048526,-125.007383,4
125,45.042256,-125.005639,4
126,45.037689,-125.010074,4
173,45.033911,-125.009513,4
166,45.036503,-125.011109,4
160,45.039940,-125.011628,4
163,45.046873,-125.012747,4
140,45.043231,-125.009140,4
127,45.044755,-125.014534,4
443,45.047236,-125.004547,4
160,45.039940,-125.011628,4
180,45.043731,-125.014482,4
157,45.038237,-125.014867,4
322,45.045647,-125.006276,4
132,45.036401,-125.008648,4
161,45.043612,-125.009633,4
153,45.042308,-125.012032,4
169,45.041643,-125.016226,4
123,45.039604,-125.014985,4
179,45.039758,-125.007566,4
127,45.044755,-125.014534,4
180,45.043731,-125.014482,4
134,45.039700,-125.007315,4
129,45.036775,-125.003788,4
127,45.044755,-125.014534,4
126,45.037689,-125.010074,4
127,45.044755,-125.014534,4
122,45.035513,-125.006669,4
147,45.043395,-125.013986,4
165,45.039024,-125.007514,4
163,45.046873,-125.012747,4
173,45.033911,-125.009513,4
140,45.043231,-125.009140,4
154,45.044036,-125.011926,4
144,45.044887,-125.013809,4
125,45.042256,-125.005639,4
136,45.041229,-125.012397,4
144,45.044887,-125.013809,4
127,45.044755,-125.014534,4
153,45.042308,-125.012032,4
147,45.043395,-125.013986,4
124,45.040162,-125.014927,4
443,45.047236,-125.004547,4
177,45.044514,-125.006757,4
136,45.041229,-125.012397,4
177,45.044514,-125.006757,4
167,45.035994,-125.009311,4
151,45.032903,-125.014213,4
162,45.040694,-125.014354,4
129,45.036775,-125.003788,4
152,45.038948,-125.015821,4
168,45.039706,-125.005868,4
138,45.036055,-125.004734,4
159,45.035375,-125.011503,4
137,45.044105,-125.008665,4
172,45.043614,-125.010698,4
168,45.039706,-125.005868,4
156,45.041703,-125.005201,4
159,45.035375,-125.011503,4
135,45.033275,-125.013068,4
322,45.045647,-125.006276,4
124,45.040162,-125.014927,4
165,45.039024,-125.007514,4
130,45.033887,-125.006236,4
123,45.039604,-125.014985,4
137,45.044105,-125.008665,4
127,45.044755,-125.014534,4
180,45.043731,-125.014482,4
322,45.045647,-125.006276,4
172,45.043614,-125.010698,4
132,45.036401,-125.008648,4
156,45.041703,-125.005201,4
156,45.041703,-125.005201,4
168,45.039706,-125.005868,4
173,45.033911,-125.009513,4
123,45.039604,-125.014985,4
165,45.039024,-125.007514,4
169,45.041643,-125.016226,4
131,45.036977,-125.013357,4
150,45.040184,-125.011989,4
162,45.040694,-125.014354,4
179,45.039758,-125.007566,4
178,45.036249,-125.009634,4
126,45.037689,-125.010074,4
125,45.042256,-125.005639,4
130,45.033887,-125.006236,4
156,45.041703,-125.005201,4
158,45.047094,-125.015601,4
163,45.046873,-125.012747,4
147,45.043395,-125.013986,4
126,45.037689,-125.010074,4
137,45.044105,-125.008665,4
165,45.039024,-125.007514,4
162,45.040694,-125.014354,4
180,45.043731,-125.014482,4
140,45.043231,-125.009140,4
168,45.039706,-125.005868,4
177,45.044514,-125.006757,4
165,45.039024,-125.007514,4
132,45.036401,-125.008648,4
153,45.042308,-125.012032,4
172,45.043614,-125.010698,4
180,45.043731,-125.014482,4
166,45.036503,-125.011109,4
165,45.039024,-125.007514,4
165,45.039024,-125.007514,4
167,45.035994,-125.009311,4
180,45.043731,-125.014482,4
159,45.035375,-125.011503,4
152,45.038948,-125.015821,4
162,45.040694,-125.014354,4
122,45.035513,-125.006669,4
131,45.036977,-125.013357,4
136,45.041229,-125.012397,4
178,45.036249,-125.009634,4
154,45.044036,-125.011926,4
156,45.041703,-125.005201,4
159,45.035375,-125.011503,4
122,45.035513,-125.006669,4
322,45.045647,-125.006276,4
153,45.042308,-125.012032,4
131,45.036977,-125.013357,4
166,45.036503,-125.011109,4
322,45.045647,-125.006276,4
134,45.039700,-125.007315,4
131,45.036977,-125.013357,4
136,45.041229,-125.012397,4
123,45.039604,-125.014985,4
162,45.040694,-125.014354,4
123,45.039604,-125.014985,4
179,45.039758,-125.007566,4
132,45.036401,-125.008648,4
147,45.043395,-125.013986,4
322,45.045647,-125.006276,4
176,45.050784,-125.013967,4
167,45.035994,-125.009311,4
160,45.039940,-125.011628,4
179,45.039758,-125.007566,4
160,45.039940,-125.011628,4
161,45.043612,-125.009633,4
154,45.044036,-125.011926,4
443,45.047236,-125.004547,4
123,45.039604,-125.014985,4
161,45.043612,-125.009633,4
172,45.043614,-125.010698,4
161,45.043612,-125.009633,4
126,45.037689,-125.010074,4
124,45.040162,-125.014927,4
322,45.045647,-125.006276,4
168,45.039706,-125.005868,4
160,45.039940,-125.011628,4
173,45.033911,-125.009513,4
156,45.041703,-125.005201,4
443,45.047236,-125.004547,4
148,45.049639,-125.014390,4
167,45.035994,-125.009311,4
179,45.039758,-125.007566,4
141,45.032816,-125.004175,4
161,45.043612,-125.009633,4
165,45.039024,-125.007514,4
172,45.043614,-125.010698,4
322,45.045647,-125.006276,4
162,45.040694,-125.014354,4
147,45.043395,-125.013986,4
153,45.042308,-125.012032,4
160,45.039940,-125.011628,4
180,45.043731,-125.014482,4
148,45.049639,-125.014390,4
124,45.040162,-125.014927,4
134,45.039700,-125.007315,4
147,45.043395,-125.013986,4
126,45.037689,-125.010074,4
155,45.047793,-125.011071,4
144,45.044887,-125.013809,4
177,45.044514,-125.006757,4
150,45.040184,-125.011989,4
167,45.035994,-125.009311,4
134,45.039700,-125.007315,4
166,45.036503,-125.011109,4
178,45.036249,-125.009634,4
144,45.044887,-125.013809,4
157,45.038237,-125.014867,4
178,45.036249,-125.009634,4
127,45.044755,-125.014534,4
129,45.036775,-125.003788,4
420,45.050256,-125.001659,4
179,45.039758,-125.007566,4
137,45.044105,-125.008665,4
126,45.037689,-125.010074,4
178,45.036249,-125.009634,4
172,45.043614,-125.010698,4
130,45.033887,-125.006236,4
129,45.036775,-125.003788,4
126,45.037689,-125.010074,4
170,45.043971,-125.006558,4
132,45.036401,-125.008648,4
125,45.042256,-125.005639,4
148,45.049639,-125.014390,4
155,45.047793,-125.011071,4
123,45.039604,-125.014985,4
122,45.035513,-125.006669,4
136,45.041229,-125.012397,4
160,45.039940,-125.011628,4
153,45.042308,-125.012032,4
170,45.043971,-125.006558,4
148,45.049639,-125.014390,4
163,45.046873,-125.012747,4
166,45.036503,-125.011109,4
162,45.040694,-125.014354,4
166,45.036503,-125.011109,4
179,45.039758,-125.007566,4
169,45.041643,-125.016226,4
147,45.043395,-125.013986,4
130,45.033887,-125.006236,4
169,45.041643,-125.016226,4
127,45.044755,-125.014534,4
349,45.017647,-124.917160,0
149,45.043636,-124.999538,0
445,45.068028,-124.902483,0
313,44.999917,-124.934054,0
305,45.082266,-125.036327,0
385,45.052251,-125.108784,0
421,45.043504,-125.051271,0
463,45.006368,-125.084851,0
435,45.073755,-125.035638,0
423,45.076335,-125.073936,0
467,45.043761,-125.052759,0
61,45.051198,-125.047779,0
337,44.996808,-124.905247,0
15,45.004383,-125.014928,0
301,45.059360,-124.996929,0
397,45.025264,-125.023415,0
441,45.016629,-125.011849,0
485,45.001487,-124.959890,0
401,45.032724,-124.903165,0
379,45.075848,-124.956180,0
329,45.084321,-125.077081,0
351,45.024483,-124.991276,0
27,44.996348,-125.010469,0
469,45.017418,-124.967150,0
245,45.022219,-125.113816,0
479,45.042102,-125.024753,0
317,45.013406,-125.028127,0
335,45.026238,-125.028865,0
377,45.019977,-124.921047,0
493,45.011655,-125.043965,0
389,45.077742,-124.925740,0
461,45.032858,-124.997074,0
357,45.031427,-125.116115,0
487,44.997528,-124.910178,0
499,45.081493,-124.969810,0
457,45.058034,-124.974587,0
365,45.086837,-124.979273,0
439,45.003993,-125.070277,0
315,44.993962,-125.035637,0
